-- phpMyAdmin SQL Dump
-- version 5.2.1
-- https://www.phpmyadmin.net/
--
-- Host: 127.0.0.1
-- Generation Time: May 15, 2026 at 03:28 PM
-- Server version: 10.4.32-MariaDB
-- PHP Version: 8.2.12

SET SQL_MODE = "NO_AUTO_VALUE_ON_ZERO";
START TRANSACTION;
SET time_zone = "+00:00";


/*!40101 SET @OLD_CHARACTER_SET_CLIENT=@@CHARACTER_SET_CLIENT */;
/*!40101 SET @OLD_CHARACTER_SET_RESULTS=@@CHARACTER_SET_RESULTS */;
/*!40101 SET @OLD_COLLATION_CONNECTION=@@COLLATION_CONNECTION */;
/*!40101 SET NAMES utf8mb4 */;

--
-- Database: `pastry_db`
--

-- --------------------------------------------------------

--
-- Table structure for table `custom_cake_orders`
--

CREATE TABLE `custom_cake_orders` (
  `id` int(11) NOT NULL,
  `order_id` int(11) NOT NULL,
  `flavor` varchar(100) DEFAULT NULL,
  `tiers` varchar(50) DEFAULT NULL,
  `dedication` text DEFAULT NULL,
  `delivery_method` varchar(20) DEFAULT NULL,
  `delivery_date` date DEFAULT NULL,
  `delivery_time` time DEFAULT NULL,
  `notes` text DEFAULT NULL,
  `inspo_images` text DEFAULT NULL
) ENGINE=InnoDB DEFAULT CHARSET=utf8mb4 COLLATE=utf8mb4_general_ci;

-- --------------------------------------------------------

--
-- Table structure for table `daily_sales`
--

CREATE TABLE `daily_sales` (
  `sale_date` date NOT NULL,
  `total` decimal(12,2) NOT NULL DEFAULT 0.00
) ENGINE=InnoDB DEFAULT CHARSET=utf8mb4 COLLATE=utf8mb4_general_ci;

--
-- Dumping data for table `daily_sales`
--

INSERT INTO `daily_sales` (`sale_date`, `total`) VALUES
('2025-04-25', 640.00),
('2025-04-28', 1050.00),
('2025-04-29', 780.00),
('2025-04-30', 920.00),
('2025-05-01', 530.00),
('2025-05-02', 660.00),
('2025-05-03', 700.00),
('2025-05-04', 735.00);

-- --------------------------------------------------------

--
-- Table structure for table `ingredients`
--

CREATE TABLE `ingredients` (
  `id` int(11) NOT NULL,
  `name` varchar(150) NOT NULL,
  `unit` varchar(20) NOT NULL,
  `stock` decimal(10,3) NOT NULL DEFAULT 0.000,
  `threshold` decimal(10,3) NOT NULL DEFAULT 0.000,
  `expiry` date DEFAULT NULL,
  `created_at` timestamp NOT NULL DEFAULT current_timestamp(),
  `updated_at` timestamp NOT NULL DEFAULT current_timestamp() ON UPDATE current_timestamp()
) ENGINE=InnoDB DEFAULT CHARSET=utf8mb4 COLLATE=utf8mb4_general_ci;

--
-- Dumping data for table `ingredients`
--

INSERT INTO `ingredients` (`id`, `name`, `unit`, `stock`, `threshold`, `expiry`, `created_at`, `updated_at`) VALUES
(1, 'All-purpose Flour', 'kg', 25.000, 5.000, '2025-08-30', '2026-05-03 10:53:37', '2026-05-03 10:53:37'),
(2, 'Butter', 'kg', 8.000, 2.000, '2025-05-15', '2026-05-03 10:53:37', '2026-05-03 10:53:37'),
(3, 'Sugar', 'kg', 20.000, 4.000, '2026-01-01', '2026-05-03 10:53:37', '2026-05-03 10:53:37'),
(4, 'Eggs', 'pcs', 120.000, 24.000, '2025-05-10', '2026-05-03 10:53:37', '2026-05-03 10:53:37'),
(5, 'Fresh Cream', 'L', 6.000, 2.000, '2025-05-08', '2026-05-03 10:53:37', '2026-05-03 10:53:37'),
(6, 'Chocolate', 'kg', 4.000, 1.000, '2025-12-31', '2026-05-03 10:53:37', '2026-05-03 10:53:37'),
(7, 'Strawberries', 'kg', 2.000, 1.000, '2025-05-06', '2026-05-03 10:53:37', '2026-05-03 10:53:37'),
(8, 'Blueberries', 'kg', 1.500, 0.500, '2025-05-07', '2026-05-03 10:53:37', '2026-05-03 10:53:37');

-- --------------------------------------------------------

--
-- Table structure for table `messages`
--

CREATE TABLE `messages` (
  `id` int(11) NOT NULL,
  `order_id` int(11) NOT NULL,
  `sender` enum('customer','staff','ai') NOT NULL,
  `message` text NOT NULL,
  `is_read` tinyint(1) NOT NULL DEFAULT 0,
  `created_at` timestamp NOT NULL DEFAULT current_timestamp()
) ENGINE=InnoDB DEFAULT CHARSET=utf8mb4 COLLATE=utf8mb4_general_ci;

--
-- Dumping data for table `messages`
--

INSERT INTO `messages` (`id`, `order_id`, `sender`, `message`, `is_read`, `created_at`) VALUES
(1, 52, 'customer', 'Hi! I have a question about my order.', 1, '2026-05-14 05:34:42'),
(2, 52, 'customer', 'hi', 1, '2026-05-14 05:34:50'),
(3, 52, 'customer', 'where is my order now?', 1, '2026-05-14 05:35:56'),
(4, 52, 'staff', 'wait sir on the way', 0, '2026-05-14 05:51:10');

-- --------------------------------------------------------

--
-- Table structure for table `notifications`
--

CREATE TABLE `notifications` (
  `id` int(11) NOT NULL,
  `user_id` int(11) NOT NULL,
  `title` varchar(150) NOT NULL,
  `message` text NOT NULL,
  `type` enum('Info','Warning','Alert','Success') NOT NULL DEFAULT 'Info',
  `is_read` tinyint(1) NOT NULL DEFAULT 0,
  `action_url` varchar(255) DEFAULT NULL,
  `created_at` timestamp NOT NULL DEFAULT current_timestamp()
) ENGINE=InnoDB DEFAULT CHARSET=utf8mb4 COLLATE=utf8mb4_general_ci;

--
-- Dumping data for table `notifications`
--

INSERT INTO `notifications` (`id`, `user_id`, `title`, `message`, `type`, `is_read`, `action_url`, `created_at`) VALUES
(1, 3, '🧾 Order Placed', 'Your order #1016 has been placed successfully and is now pending.', 'Success', 0, 'orders.php', '2026-05-04 02:13:41'),
(2, 3, '🧾 Order Placed', 'Your order #1017 has been placed successfully and is now pending.', 'Success', 0, 'orders.php', '2026-05-04 02:26:10'),
(3, 3, '🧾 Order Placed', 'Your order #1018 has been placed successfully and is now pending.', 'Success', 0, 'orders.php', '2026-05-04 02:29:05'),
(4, 3, '🧾 Order Placed', 'Your order #1019 has been placed successfully and is now pending.', 'Success', 0, 'orders.php', '2026-05-04 12:02:35'),
(5, 3, '🧾 Order Placed', 'Your order #1020 has been placed successfully and is now pending.', 'Success', 0, 'orders.php', '2026-05-04 12:11:16'),
(6, 3, '🧾 Order Placed', 'Your order #1021 has been placed successfully and is now pending.', 'Success', 0, 'orders.php', '2026-05-04 12:39:11'),
(7, 3, '🧾 Order Placed', 'Your order #1022 has been placed successfully and is now pending.', 'Success', 0, 'orders.php', '2026-05-04 12:50:40'),
(8, 3, '🧾 Order Placed', 'Your order #1023 has been placed successfully and is now pending.', 'Success', 0, 'orders.php', '2026-05-04 13:39:58'),
(9, 3, '🧾 Order Placed', 'Your order #1024 has been placed successfully and is now pending.', 'Success', 0, 'orders.php', '2026-05-04 15:52:50'),
(10, 3, '🧾 Order Placed', 'Your order #1025 has been placed successfully and is now pending.', 'Success', 0, 'orders.php', '2026-05-05 03:39:23');

-- --------------------------------------------------------

--
-- Table structure for table `orders`
--

CREATE TABLE `orders` (
  `id` int(11) NOT NULL,
  `items` longtext CHARACTER SET utf8mb4 COLLATE utf8mb4_bin NOT NULL CHECK (json_valid(`items`)),
  `subtotal` decimal(10,2) NOT NULL,
  `delivery_fee` decimal(10,2) NOT NULL,
  `total` decimal(10,2) NOT NULL,
  `method` varchar(50) NOT NULL,
  `payment` varchar(50) NOT NULL,
  `address` text NOT NULL,
  `phone` varchar(20) NOT NULL,
  `lat` decimal(10,7) DEFAULT NULL,
  `lng` decimal(10,7) DEFAULT NULL,
  `created_at` timestamp NOT NULL DEFAULT current_timestamp(),
  `status` varchar(50) DEFAULT 'Pending',
  `payment_status` varchar(50) DEFAULT 'pending',
  `payment_link` text DEFAULT NULL,
  `payment_reference` varchar(255) DEFAULT NULL
) ENGINE=InnoDB DEFAULT CHARSET=utf8mb4 COLLATE=utf8mb4_general_ci;

--
-- Dumping data for table `orders`
--

INSERT INTO `orders` (`id`, `items`, `subtotal`, `delivery_fee`, `total`, `method`, `payment`, `address`, `phone`, `lat`, `lng`, `created_at`, `status`, `payment_status`, `payment_link`, `payment_reference`) VALUES
(1, '[{\"id\":1778352456149,\"name\":\"Chocolate S\\u2019mores Cake\",\"category\":\"Cakes\",\"price\":100,\"solo_price\":null,\"sharing_price\":null,\"stock\":0,\"image\":\"cake2.png\",\"description\":\"\",\"available\":1,\"created_at\":\"2026-05-03 19:12:22\",\"updated_at\":\"2026-05-08 17:24:55\",\"slice_price\":\"100.00\",\"small_price\":\"450.00\",\"big_price\":\"790.00\",\"meal_price\":\"0.00\",\"combo_price\":\"0.00\",\"tag\":null,\"is_custom\":0,\"reorder_level\":5,\"variant\":\"SLICE\",\"qty\":1}]', 100.00, 45.00, 145.00, 'Deliver', 'COD', '12121', '09123456789', NULL, NULL, '2026-05-09 18:47:45', 'Preparing', 'pending', NULL, NULL),
(2, '[]', 0.00, 0.00, 0.00, 'Pickup', 'Gcash', '168 maravilla', '09123456789', NULL, NULL, '2026-05-09 18:56:08', 'Pending', 'pending', NULL, NULL),
(3, '[]', 0.00, 45.00, 45.00, 'Deliver', 'COD', 'sdffd', 'dfddf', NULL, NULL, '2026-05-09 18:59:24', 'Pending', 'pending', NULL, NULL),
(4, '[{\"id\":1778353569518,\"name\":\"Chocolate S\\u2019mores Cake\",\"category\":\"Cakes\",\"price\":100,\"solo_price\":null,\"sharing_price\":null,\"stock\":0,\"image\":\"cake2.png\",\"description\":\"\",\"available\":1,\"created_at\":\"2026-05-03 19:12:22\",\"updated_at\":\"2026-05-08 17:24:55\",\"slice_price\":\"100.00\",\"small_price\":\"450.00\",\"big_price\":\"790.00\",\"meal_price\":\"0.00\",\"combo_price\":\"0.00\",\"tag\":null,\"is_custom\":0,\"reorder_level\":5,\"variant\":\"SLICE\",\"qty\":1}]', 100.00, 0.00, 100.00, 'Pickup', 'COD', '123', '09123456789', NULL, NULL, '2026-05-09 19:06:25', 'Cancelled', 'pending', NULL, NULL),
(5, '[{\"id\":1778353744053,\"name\":\"Chocolate S\\u2019mores Cake\",\"category\":\"Cakes\",\"price\":100,\"solo_price\":null,\"sharing_price\":null,\"stock\":0,\"image\":\"cake2.png\",\"description\":\"\",\"available\":1,\"created_at\":\"2026-05-03 19:12:22\",\"updated_at\":\"2026-05-08 17:24:55\",\"slice_price\":\"100.00\",\"small_price\":\"450.00\",\"big_price\":\"790.00\",\"meal_price\":\"0.00\",\"combo_price\":\"0.00\",\"tag\":null,\"is_custom\":0,\"reorder_level\":5,\"variant\":\"SLICE\",\"qty\":2}]', 200.00, 45.00, 245.00, 'Deliver', 'COD', 'dfdfd', 'dfdfdf', NULL, NULL, '2026-05-09 19:09:17', 'Pending', 'pending', NULL, NULL),
(6, '[{\"id\":1778354918528,\"name\":\"Tinapa Pasta\",\"category\":\"Pasta\",\"price\":165,\"solo_price\":null,\"sharing_price\":null,\"stock\":0,\"image\":\"tinapa_pasta.png\",\"description\":null,\"available\":1,\"created_at\":\"2026-05-08 22:53:57\",\"updated_at\":\"2026-05-09 12:39:15\",\"slice_price\":\"0.00\",\"small_price\":\"0.00\",\"big_price\":\"0.00\",\"meal_price\":\"165.00\",\"combo_price\":\"0.00\",\"tag\":null,\"is_custom\":0,\"reorder_level\":5,\"variant\":\"MEAL\",\"basePrice\":165,\"qty\":2,\"selectionDetails\":{\"drink\":\"Iced Tea\",\"cake\":null,\"extras\":[]}},{\"id\":1778354909776,\"name\":\"Chocolate S\\u2019mores Cake\",\"category\":\"Cakes\",\"price\":100,\"solo_price\":null,\"sharing_price\":null,\"stock\":0,\"image\":\"cake2.png\",\"description\":\"\",\"available\":1,\"created_at\":\"2026-05-03 19:12:22\",\"updated_at\":\"2026-05-08 17:24:55\",\"slice_price\":\"100.00\",\"small_price\":\"450.00\",\"big_price\":\"790.00\",\"meal_price\":\"0.00\",\"combo_price\":\"0.00\",\"tag\":null,\"is_custom\":0,\"reorder_level\":5,\"variant\":\"SLICE\",\"qty\":1}]', 445.00, 45.00, 490.00, 'Deliver', 'COD', '168', '09123456789', NULL, NULL, '2026-05-09 19:29:02', 'Pending', 'pending', NULL, NULL),
(7, '[{\"id\":1778354963176,\"name\":\"Strawberry Pistachio Cake\",\"category\":\"Cakes\",\"price\":110,\"solo_price\":null,\"sharing_price\":null,\"stock\":10,\"image\":\"cake8.png\",\"description\":\"\",\"available\":1,\"created_at\":\"2026-05-03 19:12:22\",\"updated_at\":\"2026-05-08 17:24:55\",\"slice_price\":\"110.00\",\"small_price\":\"510.00\",\"big_price\":\"920.00\",\"meal_price\":\"0.00\",\"combo_price\":\"0.00\",\"tag\":null,\"is_custom\":0,\"reorder_level\":5,\"variant\":\"SLICE\",\"qty\":1}]', 110.00, 0.00, 110.00, 'Pickup', 'COD', '168', '09123456789', NULL, NULL, '2026-05-09 19:29:31', 'Preparing', 'pending', NULL, NULL),
(8, '[{\"id\":1778355160882,\"name\":\"Pork Barbecue\",\"category\":\"Meals\",\"price\":209,\"solo_price\":null,\"sharing_price\":null,\"stock\":100,\"image\":\"meal5.png\",\"description\":\"Grilled pork barbecue skewers\",\"available\":1,\"created_at\":\"2026-05-03 21:28:16\",\"updated_at\":\"2026-05-08 17:24:55\",\"slice_price\":\"199.00\",\"small_price\":\"219.00\",\"big_price\":\"309.00\",\"meal_price\":\"219.00\",\"combo_price\":\"309.00\",\"tag\":null,\"is_custom\":0,\"reorder_level\":5,\"variant\":\"REGULAR\",\"basePrice\":199,\"qty\":1,\"selectionDetails\":{\"drink\":null,\"cake\":null,\"extras\":[{\"name\":\"Extra Sauce\",\"price\":10}]}}]', 209.00, 0.00, 209.00, 'Pickup', 'COD', '', '09123456789', NULL, NULL, '2026-05-09 19:32:54', 'Pending', 'pending', NULL, NULL),
(9, '[{\"id\":1778384726931,\"name\":\"Pork Barbecue\",\"category\":\"Meals\",\"price\":344,\"solo_price\":null,\"sharing_price\":null,\"stock\":100,\"image\":\"meal5.png\",\"description\":\"Grilled pork barbecue skewers\",\"available\":1,\"created_at\":\"2026-05-03 21:28:16\",\"updated_at\":\"2026-05-08 17:24:55\",\"slice_price\":\"199.00\",\"small_price\":\"219.00\",\"big_price\":\"309.00\",\"meal_price\":\"219.00\",\"combo_price\":\"309.00\",\"tag\":null,\"is_custom\":0,\"reorder_level\":5,\"variant\":\"COMBO\",\"basePrice\":309,\"qty\":1,\"selectionDetails\":{\"drink\":\"Cucumber\",\"cake\":\"Chocolate Oreo Cake\",\"extras\":[{\"name\":\"Extra Rice\",\"price\":35}]}},{\"id\":1778384718043,\"name\":\"Pork Barbecue\",\"category\":\"Meals\",\"price\":209,\"solo_price\":null,\"sharing_price\":null,\"stock\":100,\"image\":\"meal5.png\",\"description\":\"Grilled pork barbecue skewers\",\"available\":1,\"created_at\":\"2026-05-03 21:28:16\",\"updated_at\":\"2026-05-08 17:24:55\",\"slice_price\":\"199.00\",\"small_price\":\"219.00\",\"big_price\":\"309.00\",\"meal_price\":\"219.00\",\"combo_price\":\"309.00\",\"tag\":null,\"is_custom\":0,\"reorder_level\":5,\"variant\":\"REGULAR\",\"basePrice\":199,\"qty\":1,\"selectionDetails\":{\"drink\":null,\"cake\":null,\"extras\":[{\"name\":\"Extra Sauce\",\"price\":10}]}}]', 553.00, 45.00, 598.00, 'Deliver', 'COD', '168', '09123456789', NULL, NULL, '2026-05-10 03:47:17', 'Pending', 'pending', NULL, NULL),
(10, '[{\"id\":1778385084447,\"name\":\"Tinapa Pasta\",\"category\":\"Pasta\",\"price\":180,\"solo_price\":null,\"sharing_price\":null,\"stock\":0,\"image\":\"tinapa_pasta.png\",\"description\":null,\"available\":1,\"created_at\":\"2026-05-08 22:53:57\",\"updated_at\":\"2026-05-09 12:39:15\",\"slice_price\":\"0.00\",\"small_price\":\"0.00\",\"big_price\":\"0.00\",\"meal_price\":\"165.00\",\"combo_price\":\"0.00\",\"tag\":null,\"is_custom\":0,\"reorder_level\":5,\"variant\":\"MEAL\",\"basePrice\":165,\"qty\":1,\"selectionDetails\":{\"drink\":\"Blue Lemonade\",\"cake\":null,\"extras\":[{\"name\":\"Garlic Bread\",\"price\":15}]}}]', 180.00, 0.00, 180.00, 'Pickup', 'COD', '', '09123456789', NULL, NULL, '2026-05-10 03:51:42', 'Pending', 'pending', NULL, NULL),
(11, '[{\"id\":1778385297118,\"name\":\"Pork Barbecue\",\"category\":\"Meals\",\"price\":254,\"solo_price\":null,\"sharing_price\":null,\"stock\":100,\"image\":\"meal5.png\",\"description\":\"Grilled pork barbecue skewers\",\"available\":1,\"created_at\":\"2026-05-03 21:28:16\",\"updated_at\":\"2026-05-08 17:24:55\",\"slice_price\":\"199.00\",\"small_price\":\"219.00\",\"big_price\":\"309.00\",\"meal_price\":\"219.00\",\"combo_price\":\"309.00\",\"tag\":null,\"is_custom\":0,\"reorder_level\":5,\"variant\":\"MEAL\",\"basePrice\":219,\"qty\":1,\"selectionDetails\":{\"drink\":\"Cucumber\",\"cake\":null,\"extras\":[{\"name\":\"Extra Rice\",\"price\":35}]}}]', 254.00, 0.00, 254.00, 'Pickup', 'COD', '', '09123456789', NULL, NULL, '2026-05-10 03:55:11', 'Pending', 'pending', NULL, NULL),
(12, '[{\"id\":1778385436296,\"name\":\"Tempura\",\"category\":\"Meals\",\"price\":309,\"solo_price\":null,\"sharing_price\":null,\"stock\":100,\"image\":\"meal4.png\",\"description\":\"Crispy shrimp tempura\",\"available\":1,\"created_at\":\"2026-05-03 21:28:16\",\"updated_at\":\"2026-05-08 17:24:55\",\"slice_price\":\"199.00\",\"small_price\":\"219.00\",\"big_price\":\"309.00\",\"meal_price\":\"219.00\",\"combo_price\":\"309.00\",\"tag\":null,\"is_custom\":0,\"reorder_level\":5,\"variant\":\"COMBO\",\"basePrice\":309,\"qty\":1,\"selectionDetails\":{\"drink\":\"Blue Lemonade\",\"cake\":\"Chocolate Oreo Cake\",\"extras\":[]}}]', 309.00, 45.00, 354.00, 'Deliver', 'COD', '123', '09123456789', NULL, NULL, '2026-05-10 03:58:41', 'Pending', 'pending', NULL, NULL),
(13, '[{\"id\":1778386017929,\"name\":\"Pork Barbecue\",\"category\":\"Meals\",\"price\":219,\"solo_price\":null,\"sharing_price\":null,\"stock\":100,\"image\":\"meal5.png\",\"description\":\"Grilled pork barbecue skewers\",\"available\":1,\"created_at\":\"2026-05-03 21:28:16\",\"updated_at\":\"2026-05-08 17:24:55\",\"slice_price\":\"199.00\",\"small_price\":\"219.00\",\"big_price\":\"309.00\",\"meal_price\":\"219.00\",\"combo_price\":\"309.00\",\"tag\":null,\"is_custom\":0,\"reorder_level\":5,\"variant\":\"MEAL\",\"basePrice\":219,\"qty\":1,\"selectionDetails\":{\"drink\":\"Blue Lemonade\",\"cake\":null,\"extras\":[]}}]', 219.00, 45.00, 264.00, 'Deliver', 'COD', '123', '09123456789', NULL, NULL, '2026-05-10 04:07:45', 'Pending', 'pending', NULL, NULL),
(14, '[{\"id\":1778386238665,\"name\":\"Tempura\",\"category\":\"Meals\",\"price\":309,\"solo_price\":null,\"sharing_price\":null,\"stock\":100,\"image\":\"meal4.png\",\"description\":\"Crispy shrimp tempura\",\"available\":1,\"created_at\":\"2026-05-03 21:28:16\",\"updated_at\":\"2026-05-08 17:24:55\",\"slice_price\":\"199.00\",\"small_price\":\"219.00\",\"big_price\":\"309.00\",\"meal_price\":\"219.00\",\"combo_price\":\"309.00\",\"tag\":null,\"is_custom\":0,\"reorder_level\":5,\"variant\":\"COMBO\",\"basePrice\":309,\"qty\":1,\"selectionDetails\":{\"drink\":\"Blue Lemonade\",\"cake\":\"Chocolate Ganache Cake\",\"extras\":[]}}]', 309.00, 45.00, 354.00, 'Deliver', 'COD', 'yes', '09123456789', NULL, NULL, '2026-05-10 04:11:23', 'Pending', 'pending', NULL, NULL),
(15, '[{\"id\":1778386700973,\"name\":\"Pork Barbecue\",\"category\":\"Meals\",\"price\":344,\"solo_price\":null,\"sharing_price\":null,\"stock\":100,\"image\":\"meal5.png\",\"description\":\"Grilled pork barbecue skewers\",\"available\":1,\"created_at\":\"2026-05-03 21:28:16\",\"updated_at\":\"2026-05-08 17:24:55\",\"slice_price\":\"199.00\",\"small_price\":\"219.00\",\"big_price\":\"309.00\",\"meal_price\":\"219.00\",\"combo_price\":\"309.00\",\"tag\":null,\"is_custom\":0,\"reorder_level\":5,\"variant\":\"COMBO\",\"basePrice\":309,\"qty\":1,\"selectionDetails\":{\"drink\":\"Cucumber\",\"cake\":\"Chocolate Ganache Cake\",\"extras\":[{\"name\":\"Extra Rice\",\"price\":35}]}}]', 344.00, 0.00, 344.00, 'Pickup', 'COD', '', '09123456789', NULL, NULL, '2026-05-10 04:18:44', 'Pending', 'pending', NULL, NULL),
(16, '[{\"name\":\"Tempura\",\"qty\":1,\"price\":254,\"selectionDetails\":{\"drink\":\"Cucumber\",\"cake\":null,\"extras\":[{\"name\":\"Extra Rice\",\"price\":35}]}},{\"name\":\"Chocolate S\\u2019mores Cake\",\"qty\":1,\"price\":790,\"selectionDetails\":[]}]', 1044.00, 0.00, 1044.00, 'Pickup', 'COD', '', '09123456789', NULL, NULL, '2026-05-10 04:25:04', 'Pending', 'pending', NULL, NULL),
(17, '[{\"name\":\"Pork Barbecue\",\"qty\":1,\"price\":254,\"selectionDetails\":{\"drink\":\"Blue Lemonade\",\"cake\":null,\"extras\":[{\"name\":\"Extra Rice\",\"price\":35}]}}]', 254.00, 0.00, 254.00, 'Pickup', 'COD', '', '09195808745', NULL, NULL, '2026-05-10 04:28:15', 'Pending', 'pending', NULL, NULL),
(18, '[{\"name\":\"Pork Barbecue\",\"qty\":1,\"price\":309,\"selectionDetails\":{\"drink\":\"Cucumber\",\"cake\":\"Chocolate Ganache Cake\",\"extras\":[]}}]', 309.00, 0.00, 309.00, 'Pickup', 'COD', '', '09123456789', NULL, NULL, '2026-05-10 04:37:07', 'Pending', 'pending', NULL, NULL),
(19, '[{\"name\":\"Pork Barbecue\",\"qty\":1,\"price\":344,\"selectionDetails\":{\"drink\":\"Blue Lemonade\",\"cake\":\"Tiramisu\",\"extras\":[{\"name\":\"Extra Rice\",\"price\":35}]}}]', 344.00, 45.00, 389.00, 'Deliver', 'COD', '123mara', '09123456789', NULL, NULL, '2026-05-10 04:45:24', 'Pending', 'pending', NULL, NULL),
(20, '[{\"name\":\"Chicken Pasta\",\"qty\":1,\"price\":140,\"selectionDetails\":{\"drink\":null,\"cake\":null,\"extras\":[]}}]', 140.00, 0.00, 140.00, 'Pickup', 'COD', '', '09123456789', NULL, NULL, '2026-05-10 04:55:18', 'Pending', 'pending', NULL, NULL),
(21, '[{\"name\":\"Chocolate Oreo Cake\",\"qty\":1,\"price\":105,\"selectionDetails\":[]},{\"name\":\"Chocolate Caramel Cake\",\"qty\":1,\"price\":105,\"selectionDetails\":[]}]', 210.00, 0.00, 210.00, 'Pickup', 'COD', '', 'ok', NULL, NULL, '2026-05-10 05:05:20', 'Pending', 'pending', NULL, NULL),
(22, '[{\"name\":\"Chicken Fillet\",\"qty\":1,\"price\":309,\"selectionDetails\":{\"drink\":\"Blue Lemonade\",\"cake\":\"Tiramisu\",\"extras\":[]}},{\"name\":\"Strawberry Pistachio Cake\",\"qty\":1,\"price\":510,\"selectionDetails\":[]}]', 819.00, 45.00, 864.00, 'Deliver', 'COD', 'yes po', 'number', NULL, NULL, '2026-05-10 05:14:46', 'Pending', 'pending', NULL, NULL),
(23, '[{\"name\":\"Tempura\",\"qty\":1,\"price\":344,\"selectionDetails\":{\"drink\":\"Blue Lemonade\",\"cake\":\"Tiramisu\",\"extras\":[{\"name\":\"Extra Rice\",\"price\":35}]}}]', 344.00, 0.00, 344.00, 'Pickup', 'COD', '', '09123456789', 0.0000000, 0.0000000, '2026-05-10 05:29:48', 'Pending', 'pending', NULL, NULL),
(24, '[{\"name\":\"Strawberry Pistachio Cake\",\"qty\":2,\"price\":110,\"selectionDetails\":[]}]', 220.00, 0.00, 220.00, 'Pickup', 'COD', '', '09123456789', 0.0000000, 0.0000000, '2026-05-10 05:30:29', 'Pending', 'pending', NULL, NULL),
(25, '[{\"name\":\"Strawberry Pistachio Cake\",\"qty\":1,\"price\":110,\"selectionDetails\":[]}]', 110.00, 0.00, 110.00, 'Pickup', 'COD', '', '0919234567', 0.0000000, 0.0000000, '2026-05-10 05:42:15', 'Pending', 'pending', NULL, NULL),
(26, '[{\"name\":\"Chocolate Caramel Cake\",\"qty\":1,\"price\":105,\"selectionDetails\":[]}]', 105.00, 0.00, 105.00, 'Pickup', 'COD', '', '090909909909', 0.0000000, 0.0000000, '2026-05-10 05:52:19', 'Pending', 'pending', NULL, NULL),
(27, '[{\"name\":\"Chocolate Caramel Cake\",\"qty\":1,\"price\":880,\"selectionDetails\":[]}]', 880.00, 0.00, 880.00, 'Pickup', 'COD', '', '09195808745', 0.0000000, 0.0000000, '2026-05-10 06:08:42', 'Pending', 'pending', NULL, NULL),
(28, '[{\"name\":\"Tinapa Pasta\",\"qty\":1,\"price\":165,\"selectionDetails\":{\"drink\":\"Cucumber\",\"cake\":null,\"extras\":[]}}]', 165.00, 0.00, 165.00, 'Pickup', 'COD', '', '09123456789', 0.0000000, 0.0000000, '2026-05-10 06:12:49', 'Pending', 'pending', NULL, NULL),
(29, '[{\"name\":\"Pork Barbecue\",\"qty\":1,\"price\":344,\"selectionDetails\":{\"drink\":\"Cucumber\",\"cake\":\"Chocolate Ganache Cake\",\"extras\":[{\"name\":\"Extra Rice\",\"price\":35}]}}]', 344.00, 45.00, 389.00, 'Deliver', 'COD', '123', '09102345678', 0.0000000, 0.0000000, '2026-05-10 06:13:51', 'Pending', 'pending', NULL, NULL),
(30, '[{\"name\":\"Custom Cake - Ube Flan Cake\",\"qty\":1,\"price\":500,\"selectionDetails\":[]},{\"name\":\"Chocolate Caramel Cake\",\"qty\":1,\"price\":880,\"selectionDetails\":[]}]', 1380.00, 45.00, 1425.00, 'Deliver', 'COD', '168', '09123456789', 13.9555589, 121.1121655, '2026-05-10 07:32:47', 'Pending', 'pending', NULL, NULL),
(31, '[{\"name\":\"Tinapa Pasta\",\"qty\":1,\"price\":165,\"selectionDetails\":{\"drink\":\"Blue Lemonade\",\"cake\":null,\"extras\":[]}},{\"name\":\"Lumpiang Shanghai\",\"qty\":1,\"price\":354,\"selectionDetails\":{\"drink\":\"Cucumber\",\"cake\":\"Carrot Cake\",\"extras\":[{\"name\":\"Extra Rice\",\"price\":35},{\"name\":\"Extra Sauce\",\"price\":10}]}},{\"name\":\"Custom Cake - Strawberry Pistachio Cake\",\"qty\":1,\"price\":1500,\"selectionDetails\":[]},{\"name\":\"Carrot Cake\",\"qty\":1,\"price\":950,\"selectionDetails\":[]}]', 2969.00, 45.00, 3014.00, 'Deliver', 'COD', '168 matasnakahoy', '09123456789', 13.9558088, 121.1116076, '2026-05-10 07:38:07', 'Preparing', 'pending', NULL, NULL),
(32, '[{\"name\":\"Tinapa Pasta\",\"qty\":1,\"price\":155,\"selectionDetails\":{\"drink\":null,\"cake\":null,\"extras\":[{\"name\":\"Garlic Bread\",\"price\":15}]}},{\"name\":\"Chocolate Caramel Cake\",\"qty\":1,\"price\":105,\"selectionDetails\":[]}]', 260.00, 0.00, 260.00, 'Pickup', 'COD', '', '09123456789', 0.0000000, 0.0000000, '2026-05-10 12:10:58', 'Preparing', 'pending', NULL, NULL),
(33, '[{\"name\":\"Custom Cake - Chocolate Oreo Cake\",\"qty\":1,\"price\":500,\"selectionDetails\":[]}]', 500.00, 0.00, 500.00, 'Pickup', 'COD', '', '09192323443', 0.0000000, 0.0000000, '2026-05-10 12:12:17', 'Preparing', 'pending', NULL, NULL),
(34, '[{\"name\":\"Chocolate Caramel Cake\",\"qty\":1,\"price\":105,\"selectionDetails\":[]}]', 105.00, 0.00, 105.00, 'Pickup', 'COD', '', '09123456789', 0.0000000, 0.0000000, '2026-05-10 12:33:50', 'To Receive', 'pending', NULL, NULL),
(35, '[{\"name\":\"Chocolate Caramel Cake\",\"qty\":1,\"price\":105,\"selectionDetails\":[]}]', 105.00, 0.00, 105.00, 'Pickup', 'COD', '', '09123456789', 0.0000000, 0.0000000, '2026-05-10 12:37:21', 'To Receive', 'pending', NULL, NULL),
(36, '[{\"name\":\"Chocolate Caramel Cake\",\"qty\":1,\"price\":105,\"selectionDetails\":[]}]', 105.00, 0.00, 105.00, 'Pickup', 'COD', '', '8778799908', 0.0000000, 0.0000000, '2026-05-10 12:42:16', 'To Receive', 'pending', NULL, NULL),
(37, '[{\"name\":\"Chocolate Caramel Cake\",\"qty\":1,\"price\":105,\"selectionDetails\":[]}]', 105.00, 0.00, 105.00, 'Pickup', 'COD', '', '980y86786987', 0.0000000, 0.0000000, '2026-05-10 12:43:17', 'To Receive', 'pending', NULL, NULL),
(38, '[{\"name\":\"Chocolate S\\u2019mores Cake\",\"qty\":1,\"price\":100,\"selectionDetails\":[]}]', 100.00, 0.00, 100.00, 'Pickup', 'COD', '', '8767979897', 0.0000000, 0.0000000, '2026-05-10 12:46:18', 'Completed', 'pending', NULL, NULL),
(39, '[{\"name\":\"Chocolate Ganache Cake\",\"qty\":1,\"price\":450,\"selectionDetails\":[]},{\"name\":\"Chocolate S\\u2019mores Cake\",\"qty\":1,\"price\":450,\"selectionDetails\":[]}]', 900.00, 45.00, 945.00, 'Deliver', 'COD', 'Trapiche 1, Tanauan City, Batangas', '09994840687', 13.7630623, 121.0531998, '2026-05-12 14:49:19', 'To Receive', 'pending', NULL, NULL),
(40, '[{\"name\":\"Chocolate S\\u2019mores Cake\",\"qty\":1,\"price\":790,\"selectionDetails\":[]}]', 790.00, 45.00, 835.00, 'Deliver', 'COD', 'Batangas CIty', '09123456890', 0.0000000, 0.0000000, '2026-05-12 15:50:42', 'Completed', 'pending', NULL, NULL),
(41, '[{\"name\":\"Chocolate Oreo Cake\",\"qty\":3,\"price\":490,\"selectionDetails\":[]}]', 1470.00, 45.00, 1515.00, 'Deliver', 'COD', 'Namuco, Itlugan, Rosario, Batangas, Calabarzon, 4225, Philippines', '09994840687', 13.8354131, 121.2025452, '2026-05-13 06:16:15', 'Completed', 'pending', NULL, NULL),
(42, '[{\"name\":\"Tiramisu\",\"qty\":1,\"price\":880,\"selectionDetails\":[]}]', 880.00, 45.00, 925.00, 'Deliver', 'COD', 'Dalig, Batangas City, Batangas, Calabarzon, 4200, Philippines', '09956453609', 13.7670639, 121.0851288, '2026-05-13 18:38:11', 'To Receive', 'pending', NULL, NULL),
(43, '[{\"name\":\"Test Update\",\"qty\":1,\"price\":30,\"selectionDetails\":[]}]', 30.00, 45.00, 75.00, 'Deliver', 'COD', 'Pallocan East, Sampaga Kanluran, Dalig, Batangas City, Batangas, Calabarzon, 4200, Philippines', '09956453609', 13.7573933, 121.0885620, '2026-05-13 18:46:52', 'To Receive', 'pending', NULL, NULL),
(44, '[{\"name\":\"Test Update\",\"qty\":1,\"price\":10,\"selectionDetails\":[]}]', 10.00, 45.00, 55.00, 'Deliver', 'COD', 'McDonald\'s, 12, P. Burgos Street, Barangay 9, Pallocan West, Tramo, Batangas City, Batangas, Calabarzon, 4200, Philippines', '09956453609', 13.7565000, 121.0583000, '2026-05-13 18:47:26', 'Completed', 'pending', NULL, NULL),
(45, '[{\"name\":\"Chocolate Ganache Cake\",\"qty\":1,\"price\":790,\"selectionDetails\":[]}]', 790.00, 45.00, 835.00, 'Deliver', 'COD', 'Batangas City National Road, Buklod Unlad I, Sampaga Kanluran, Dumantay, Batangas City, Batangas, Calabarzon, 4200, Philippines', '09956453609', 13.7647296, 121.1170578, '2026-05-13 18:52:15', 'To Receive', 'pending', NULL, NULL),
(46, '[{\"name\":\"Chocolate Ganache Cake\",\"qty\":3,\"price\":790,\"selectionDetails\":[]}]', 2370.00, 45.00, 2415.00, 'Deliver', 'COD', 'Kumintang Ibaba, Dalig, Batangas City, Batangas, Calabarzon, 4200, Philippines', '639956453609', 13.7657300, 121.0713959, '2026-05-13 18:53:10', 'Completed', 'pending', NULL, NULL),
(47, '[{\"name\":\"Chocolate S\\u2019mores Cake\",\"qty\":1,\"price\":100,\"selectionDetails\":[]}]', 100.00, 45.00, 145.00, 'Deliver', 'COD', 'Guava Street, Greenwoods Subdivision, Pallocan East, Sampaga Kanluran, Sampaga, Batangas City, Batangas, Calabarzon, 4200, Philippines', '639956453609', 13.7523912, 121.0847855, '2026-05-13 19:08:21', 'To Receive', 'pending', NULL, NULL),
(48, '[{\"name\":\"Chocolate Ganache Cake\",\"qty\":1,\"price\":100,\"selectionDetails\":[]}]', 100.00, 45.00, 145.00, 'Deliver', 'COD', 'San Pedro Proper, Pulo, San Pedro, Batangas City, Batangas, Calabarzon, 4200, Philippines', '639956453609', 13.7750668, 121.1043549, '2026-05-13 19:13:18', 'To Receive', 'pending', NULL, NULL),
(49, '[{\"name\":\"Chocolate Ganache Cake\",\"qty\":1,\"price\":100,\"selectionDetails\":[]}]', 100.00, 45.00, 145.00, 'Deliver', 'COD', 'McDonald\'s, 12, P. Burgos Street, Barangay 9, Pallocan West, Tramo, Batangas City, Batangas, Calabarzon, 4200, Philippines', '639956453609', 13.7565000, 121.0583000, '2026-05-13 19:15:03', 'To Receive', 'pending', NULL, NULL),
(50, '[{\"name\":\"Chocolate S\\u2019mores Cake\",\"qty\":1,\"price\":100,\"selectionDetails\":[]}]', 100.00, 45.00, 145.00, 'Deliver', 'COD', 'McDonald\'s, 12, P. Burgos Street, Barangay 9, Pallocan West, Tramo, Batangas City, Batangas, Calabarzon, 4200, Philippines', '639956453609', 13.7565000, 121.0583000, '2026-05-13 19:16:51', 'To Receive', 'pending', NULL, NULL),
(51, '[{\"name\":\"Chocolate Caramel Cake\",\"qty\":1,\"price\":105,\"selectionDetails\":[]},{\"name\":\"Chocolate S\\u2019mores Cake\",\"qty\":1,\"price\":100,\"selectionDetails\":[]},{\"name\":\"Chocolate Ganache Cake\",\"qty\":1,\"price\":100,\"selectionDetails\":[]}]', 305.00, 45.00, 350.00, 'Deliver', 'COD', 'McDonald\'s, 12, P. Burgos Street, Barangay 9, Pallocan West, Tramo, Batangas City, Batangas, Calabarzon, 4200, Philippines', '639956453609', 13.7565000, 121.0583000, '2026-05-13 19:17:01', 'Completed', 'pending', NULL, NULL),
(52, '[{\"name\":\"Custom Cake - Test Update\",\"qty\":1,\"price\":500,\"selectionDetails\":[]}]', 500.00, 45.00, 545.00, 'Deliver', 'COD', 'McDonald\'s, 12, P. Burgos Street, Barangay 9, Pallocan West, Tramo, Batangas City, Batangas, Calabarzon, 4200, Philippines', '09956453609', 13.7565000, 121.0583000, '2026-05-14 04:38:20', 'To Receive', 'pending', NULL, NULL),
(53, '[{\"name\":\"Chocolate Caramel Cake\",\"qty\":1,\"price\":880,\"selectionDetails\":[]}]', 880.00, 45.00, 925.00, 'Deliver', 'COD', 'San Pedro Proper, Pulo, San Pedro, Batangas City, Batangas, Calabarzon, 4200, Philippines', '09956453609', 13.7777343, 121.1012650, '2026-05-14 04:52:23', 'To Receive', 'pending', NULL, NULL),
(54, '[{\"name\":\"Chocolate Caramel Cake\",\"qty\":1,\"price\":880,\"selectionDetails\":[]}]', 880.00, 45.00, 925.00, 'Deliver', 'COD', 'McDonald\'s, 12, P. Burgos Street, Barangay 9, Pallocan West, Tramo, Batangas City, Batangas, Calabarzon, 4200, Philippines', '09956453609', 13.7565000, 121.0583000, '2026-05-14 04:55:14', 'Preparing', 'pending', NULL, NULL),
(55, '[{\"name\":\"Chocolate Ganache Cake\",\"qty\":1,\"price\":100,\"selectionDetails\":[]}]', 100.00, 45.00, 145.00, 'Deliver', 'COD', 'McDonald\'s, 12, P. Burgos Street, Barangay 9, Pallocan West, Tramo, Batangas City, Batangas, Calabarzon, 4200, Philippines', '09956453609', 13.7565000, 121.0583000, '2026-05-14 04:57:42', 'To Receive', 'pending', NULL, NULL),
(56, '[{\"name\":\"Chocolate Ganache Cake\",\"qty\":1,\"price\":100,\"selectionDetails\":[]}]', 100.00, 45.00, 145.00, 'Deliver', 'COD', 'McDonald\'s, 12, P. Burgos Street, Barangay 9, Pallocan West, Tramo, Batangas City, Batangas, Calabarzon, 4200, Philippines', '09956453609', 13.7565000, 121.0583000, '2026-05-14 04:59:04', 'Completed', 'pending', NULL, NULL),
(57, '[{\"name\":\"Chocolate Caramel Cake\",\"qty\":3,\"price\":880,\"selectionDetails\":[]}]', 2640.00, 45.00, 2685.00, 'Deliver', 'COD', 'Greenwoods Subdivision, Pallocan East, Sampaga Kanluran, Sirang Lupa, Batangas City, Batangas, Calabarzon, 4200, Philippines', '09956453609', 13.7500568, 121.0834122, '2026-05-14 05:02:06', 'To Receive', 'pending', NULL, NULL),
(58, '[{\"name\":\"Chocolate S\\u2019mores Cake\",\"qty\":1,\"price\":790,\"selectionDetails\":[]}]', 790.00, 45.00, 835.00, 'Deliver', 'COD', 'Anthurium Street, Gulod Itaas, Sampaga Kanluran, Dalig, Batangas City, Batangas, Calabarzon, 4200, Philippines', '09956453609', 13.7650631, 121.0851288, '2026-05-14 05:16:45', 'To Receive', 'pending', NULL, NULL),
(59, '[{\"name\":\"Chocolate S\\u2019mores Cake\",\"qty\":8,\"price\":100,\"selectionDetails\":[]}]', 800.00, 45.00, 845.00, 'Deliver', 'COD', 'McDonald\'s, 12, P. Burgos Street, Barangay 9, Pallocan West, Tramo, Batangas City, Batangas, Calabarzon, 4200, Philippines', '09956453609', 13.7565000, 121.0583000, '2026-05-14 18:11:38', 'Completed', 'pending', NULL, NULL),
(60, '[{\"name\":\"Chocolate S\\u2019mores Cake\",\"qty\":5,\"price\":100,\"selectionDetails\":[]}]', 500.00, 45.00, 545.00, 'Deliver', 'COD', 'McDonald\'s, 12, P. Burgos Street, Barangay 9, Pallocan West, Tramo, Batangas City, Batangas, Calabarzon, 4200, Philippines', '09994840687', 13.7565000, 121.0583000, '2026-05-15 11:00:37', 'Pending', 'pending', NULL, NULL),
(61, '[{\"name\":\"Chocolate S\\u2019mores Cake\",\"qty\":1,\"price\":790,\"selectionDetails\":[]}]', 790.00, 45.00, 835.00, 'Deliver', 'GCash', 'McDonald\'s, 12, P. Burgos Street, Barangay 9, Pallocan West, Tramo, Batangas City, Batangas, Calabarzon, 4200, Philippines', '09994840687', 13.7565000, 121.0583000, '2026-05-15 12:03:49', 'Pending', 'pending', NULL, NULL),
(62, '[{\"name\":\"Chocolate S\\u2019mores Cake\",\"qty\":1,\"price\":790,\"selectionDetails\":[]}]', 790.00, 45.00, 835.00, 'Deliver', 'GCash', 'McDonald\'s, 12, P. Burgos Street, Barangay 9, Pallocan West, Tramo, Batangas City, Batangas, Calabarzon, 4200, Philippines', '09994840687', 13.7565000, 121.0583000, '2026-05-15 12:06:05', 'Pending', 'pending', NULL, NULL),
(63, '[{\"name\":\"Chocolate Caramel Cake\",\"qty\":3,\"price\":105,\"selectionDetails\":[]}]', 315.00, 45.00, 360.00, 'Deliver', 'GCash', 'McDonald\'s, 12, P. Burgos Street, Barangay 9, Pallocan West, Tramo, Batangas City, Batangas, Calabarzon, 4200, Philippines', '09994840687', 13.7565000, 121.0583000, '2026-05-15 12:09:43', 'Pending', 'pending', NULL, NULL),
(64, '[{\"name\":\"Chocolate Caramel Cake\",\"qty\":3,\"price\":105,\"selectionDetails\":[]}]', 315.00, 45.00, 360.00, 'Deliver', 'GCash', 'McDonald\'s, 12, P. Burgos Street, Barangay 9, Pallocan West, Tramo, Batangas City, Batangas, Calabarzon, 4200, Philippines', '09994840687', 13.7565000, 121.0583000, '2026-05-15 12:14:02', 'Pending', 'pending', NULL, NULL),
(65, '[{\"name\":\"Chocolate Caramel Cake\",\"qty\":3,\"price\":105,\"selectionDetails\":[]}]', 315.00, 45.00, 360.00, 'Deliver', 'COD', 'McDonald\'s, 12, P. Burgos Street, Barangay 9, Pallocan West, Tramo, Batangas City, Batangas, Calabarzon, 4200, Philippines', '09994840687', 13.7565000, 121.0583000, '2026-05-15 12:14:09', 'Pending', 'pending', NULL, NULL),
(66, '[{\"name\":\"Test Update\",\"qty\":1,\"price\":10,\"selectionDetails\":[]}]', 10.00, 45.00, 55.00, 'Deliver', 'GCash', 'McDonald\'s, 12, P. Burgos Street, Barangay 9, Pallocan West, Tramo, Batangas City, Batangas, Calabarzon, 4200, Philippines', '09994840687', 13.7565000, 121.0583000, '2026-05-15 12:22:36', 'Pending', 'pending', NULL, NULL),
(67, '[{\"name\":\"Test Update\",\"qty\":1,\"price\":10,\"selectionDetails\":[]}]', 10.00, 45.00, 55.00, 'Deliver', 'GCash', 'McDonald\'s, 12, P. Burgos Street, Barangay 9, Pallocan West, Tramo, Batangas City, Batangas, Calabarzon, 4200, Philippines', '09994840687', 13.7565000, 121.0583000, '2026-05-15 12:30:40', 'Pending', 'pending', NULL, NULL),
(68, '[{\"name\":\"Test Update\",\"qty\":1,\"price\":10,\"selectionDetails\":[]}]', 10.00, 45.00, 55.00, 'Deliver', 'GCash', 'McDonald\'s, 12, P. Burgos Street, Barangay 9, Pallocan West, Tramo, Batangas City, Batangas, Calabarzon, 4200, Philippines', '09994840687', 13.7565000, 121.0583000, '2026-05-15 12:33:17', 'Pending', 'pending', NULL, NULL),
(69, '[{\"name\":\"Test Update\",\"qty\":1,\"price\":10,\"selectionDetails\":[]}]', 10.00, 45.00, 55.00, 'Deliver', 'GCash', 'McDonald\'s, 12, P. Burgos Street, Barangay 9, Pallocan West, Tramo, Batangas City, Batangas, Calabarzon, 4200, Philippines', '09994840687', 13.7565000, 121.0583000, '2026-05-15 12:34:17', 'Pending', 'pending', NULL, NULL),
(70, '[{\"name\":\"Test Update\",\"qty\":1,\"price\":10,\"selectionDetails\":[]}]', 10.00, 45.00, 55.00, 'Deliver', 'GCash', 'McDonald\'s, 12, P. Burgos Street, Barangay 9, Pallocan West, Tramo, Batangas City, Batangas, Calabarzon, 4200, Philippines', '09994840687', 13.7565000, 121.0583000, '2026-05-15 12:35:46', 'Pending', 'pending', NULL, NULL),
(71, '[{\"name\":\"Test Update\",\"qty\":1,\"price\":10,\"selectionDetails\":[]}]', 10.00, 45.00, 55.00, 'Deliver', 'GCash', 'McDonald\'s, 12, P. Burgos Street, Barangay 9, Pallocan West, Tramo, Batangas City, Batangas, Calabarzon, 4200, Philippines', '09994840687', 13.7565000, 121.0583000, '2026-05-15 12:36:08', 'Pending', 'pending', NULL, NULL),
(72, '[{\"name\":\"Test Update\",\"qty\":1,\"price\":10,\"selectionDetails\":[]}]', 10.00, 45.00, 55.00, 'Deliver', 'GCash', 'McDonald\'s, 12, P. Burgos Street, Barangay 9, Pallocan West, Tramo, Batangas City, Batangas, Calabarzon, 4200, Philippines', '09994840687', 13.7565000, 121.0583000, '2026-05-15 12:39:42', 'Pending', 'pending', NULL, NULL);

-- --------------------------------------------------------

--
-- Table structure for table `order_items`
--

CREATE TABLE `order_items` (
  `id` int(11) NOT NULL,
  `order_id` int(11) DEFAULT NULL,
  `product` varchar(150) NOT NULL,
  `variant` varchar(50) DEFAULT NULL,
  `qty` int(11) NOT NULL DEFAULT 1,
  `price` decimal(10,2) NOT NULL,
  `details` text DEFAULT NULL,
  `image` varchar(255) DEFAULT NULL
) ENGINE=InnoDB DEFAULT CHARSET=utf8mb4 COLLATE=utf8mb4_general_ci;

--
-- Dumping data for table `order_items`
--

INSERT INTO `order_items` (`id`, `order_id`, `product`, `variant`, `qty`, `price`, `details`, `image`) VALUES
(1, 1001, 'Chocolate Lava Cake', NULL, 1, 350.00, NULL, NULL),
(2, 1001, 'Blueberry Muffin', NULL, 1, 120.00, NULL, NULL),
(3, 1001, 'Croissant', NULL, 1, 95.00, NULL, NULL),
(4, 1002, 'Strawberry Tart', NULL, 2, 360.00, NULL, NULL),
(5, 1002, 'Macarons (6pcs)', NULL, 1, 320.00, NULL, NULL),
(6, 1003, 'Tiramisu Slice', NULL, 1, 280.00, NULL, NULL),
(7, 1004, 'Caramel Flan', NULL, 1, 200.00, NULL, NULL),
(8, 1004, 'Ube Pandesal', NULL, 3, 135.00, NULL, NULL),
(9, 1004, 'Croissant', NULL, 1, 95.00, NULL, NULL),
(10, 1005, 'Chocolate Lava Cake', NULL, 3, 1050.00, NULL, NULL),
(11, 1006, 'Macarons (6pcs)', NULL, 2, 640.00, NULL, NULL),
(12, 1007, 'Chocolate Ganache Cake', NULL, 3, 450.00, NULL, NULL),
(13, 1007, 'Chocolate S’mores Cake', NULL, 1, 790.00, NULL, NULL),
(14, 1008, 'Chocolate Ganache Cake', NULL, 3, 790.00, NULL, NULL),
(15, 1009, 'Chocolate Ganache Cake', NULL, 1, 790.00, NULL, NULL),
(16, 1010, 'Chocolate Ganache Cake', NULL, 1, 450.00, NULL, NULL),
(17, 1011, 'Chocolate S’mores Cake', NULL, 2, 790.00, NULL, NULL),
(18, 1011, 'Chocolate Oreo Cake', NULL, 3, 105.00, NULL, NULL),
(19, 1012, 'Strawberry Pistachio Cake', NULL, 2, 510.00, NULL, NULL),
(20, 1013, 'Strawberry Pistachio Cake', NULL, 2, 920.00, NULL, NULL),
(21, 1014, 'Chocolate Caramel Cake', NULL, 2, 880.00, NULL, NULL),
(22, 1015, 'Chocolate S’mores Cake', NULL, 2, 790.00, NULL, NULL),
(23, 1016, 'Chocolate Ganache Cake', NULL, 3, 790.00, NULL, NULL),
(24, 1017, 'Chocolate Ganache Cake', NULL, 1, 790.00, NULL, NULL),
(25, 1018, 'Strawberry Pistachio Cake', NULL, 1, 920.00, NULL, NULL),
(26, 1018, 'Red Velvet Cake', NULL, 1, 880.00, NULL, NULL),
(27, 1019, 'Chocolate S’mores Cake', NULL, 1, 450.00, NULL, NULL),
(28, 1020, 'Chocolate Ganache Cake', NULL, 2, 100.00, NULL, NULL),
(29, 1021, 'Chocolate Caramel Cake', NULL, 1, 880.00, NULL, NULL),
(30, 1021, 'Chicken Fillet', NULL, 1, 309.00, NULL, NULL),
(31, 1022, 'Chocolate Ganache Cake', NULL, 1, 450.00, NULL, NULL),
(32, 1023, 'Chocolate S’mores Cake', NULL, 1, 450.00, NULL, NULL),
(33, 1023, 'Chocolate Oreo Cake', NULL, 1, 490.00, NULL, NULL),
(34, 1024, 'Chocolate S’mores Cake', NULL, 1, 790.00, NULL, NULL),
(35, 1025, 'Chocolate Oreo Cake', NULL, 1, 105.00, NULL, NULL),
(36, 1026, 'Chocolate S’mores Cake', NULL, 2, 790.00, NULL, NULL),
(37, 1027, 'Chocolate Caramel Cake', NULL, 1, 880.00, NULL, NULL),
(38, 1027, 'Chocolate Oreo Cake', NULL, 1, 490.00, NULL, NULL),
(39, 1028, 'Tiramisu', NULL, 1, 105.00, NULL, NULL),
(40, 1029, 'Chocolate Caramel Cake', NULL, 2, 105.00, NULL, NULL),
(41, 1030, 'Chocolate S’mores Cake', NULL, 2, 790.00, NULL, NULL),
(42, 1031, 'Beef Broccoli', NULL, 1, 309.00, NULL, NULL),
(43, 1032, 'Chocolate Caramel Cake', NULL, 1, 105.00, NULL, NULL),
(44, 1033, 'Chocolate Oreo Cake', NULL, 1, 880.00, NULL, NULL),
(45, 1034, 'Sansrival', NULL, 1, 950.00, NULL, NULL),
(46, 1034, 'Chocolate Mousse', NULL, 1, 1000.00, NULL, NULL),
(47, 1035, 'Tempura', NULL, 1, 199.00, NULL, NULL),
(48, 1035, 'Strawberry Pistachio Cake', NULL, 1, 510.00, NULL, NULL),
(49, 1035, 'Tempura', NULL, 1, 219.00, NULL, NULL),
(50, 1035, 'Sansrival', NULL, 1, 530.00, NULL, NULL),
(51, 1036, 'Chocolate Caramel Cake', NULL, 2, 880.00, NULL, NULL),
(52, 1036, 'Chocolate Caramel Cake', NULL, 3, 105.00, NULL, NULL),
(53, 1036, 'Choco Pistachio Dream', NULL, 1, 1750.00, NULL, NULL),
(54, 1036, 'Strawberry Pistachio Cake', NULL, 1, 920.00, NULL, NULL),
(55, 1036, 'Chocolate S’mores Cake', NULL, 4, 790.00, NULL, NULL),
(56, 1036, 'Sansrival', NULL, 1, 950.00, NULL, NULL),
(57, 1036, 'Chocolate Caramel Cake', NULL, 1, 490.00, NULL, NULL),
(58, 1037, 'Lumpiang Shanghai', NULL, 1, 219.00, NULL, NULL),
(59, 1038, 'Chocolate S’mores Cake', NULL, 1, 790.00, NULL, NULL),
(60, 1039, 'Chocolate S’mores Cake', NULL, 2, 790.00, NULL, NULL),
(61, 1039, 'Chocolate Caramel Cake', NULL, 1, 490.00, NULL, NULL),
(62, 1040, 'Strawberry Pistachio Cake', NULL, 1, 510.00, NULL, NULL),
(63, 1041, 'Ube Flan Cake', NULL, 1, 920.00, NULL, NULL),
(64, 1042, 'Chocolate S’mores Cake', NULL, 2, 790.00, NULL, NULL),
(65, 1042, 'Chocolate Caramel Cake', NULL, 3, 880.00, NULL, NULL),
(66, 1042, 'Chocolate Caramel Cake', NULL, 1, 490.00, NULL, NULL),
(67, 1042, 'Tiramisu', NULL, 1, 490.00, NULL, NULL),
(68, 1042, 'Red Velvet Cake', NULL, 1, 880.00, NULL, NULL),
(69, 1042, 'Chocolate Caramel Cake', NULL, 2, 105.00, NULL, NULL),
(70, 1042, 'Carrot Cake', NULL, 2, 530.00, NULL, NULL),
(71, 1043, 'Choco Pistachio Dream', NULL, 1, 1750.00, NULL, NULL),
(72, 1043, 'Chocolate S’mores Cake', NULL, 1, 790.00, NULL, NULL),
(73, 1043, 'Chocolate S’mores Cake', NULL, 2, 450.00, NULL, NULL),
(74, 1043, 'Chicken Fillet', NULL, 1, 219.00, NULL, NULL),
(75, 1044, 'Chocolate Caramel Cake', NULL, 2, 880.00, NULL, NULL),
(76, 1044, 'Beef Broccoli', NULL, 2, 199.00, NULL, NULL),
(77, 1045, 'Beef Broccoli', NULL, 1, 309.00, NULL, NULL),
(78, 1046, 'Chocolate Caramel Cake', NULL, 2, 490.00, NULL, NULL),
(79, 1046, 'Sansrival', NULL, 2, 950.00, NULL, NULL),
(80, 1046, 'Chocolate Caramel Cake', NULL, 1, 880.00, NULL, NULL),
(81, 1046, 'Strawberry Pistachio Cake', NULL, 2, 510.00, NULL, NULL),
(82, 1046, 'Carrot Cake', NULL, 2, 950.00, NULL, NULL),
(83, 1046, 'Chocolate Oreo Cake', NULL, 2, 880.00, NULL, NULL),
(84, 1046, 'Chicken Teriyaki', NULL, 3, 199.00, NULL, NULL),
(85, 1046, 'Ube Flan Cake', NULL, 3, 920.00, NULL, NULL),
(86, 1046, 'Strawberry Pistachio Cake', NULL, 1, 110.00, NULL, NULL),
(87, 1046, 'Chocolate Caramel Cake', NULL, 2, 105.00, NULL, NULL),
(88, 1046, 'Chocolate S’mores Cake', NULL, 2, 790.00, NULL, NULL),
(89, 1046, 'Fish Fillet', NULL, 2, 309.00, NULL, NULL),
(90, 1046, 'Lumpiang Shanghai', NULL, 1, 309.00, NULL, NULL),
(91, 1046, 'Blueberry Cheesecake', NULL, 1, 700.00, NULL, NULL),
(92, 1047, 'Chocolate Caramel Cake', NULL, 1, 880.00, NULL, NULL),
(93, 1048, 'Chocolate Caramel Cake', NULL, 1, 880.00, NULL, NULL),
(94, 1048, 'Strawberry Pistachio Cake', NULL, 2, 510.00, NULL, NULL),
(95, 1048, 'Chicken Fillet', NULL, 2, 199.00, NULL, NULL),
(96, 1048, 'Strawberry Pistachio Cake', NULL, 1, 920.00, NULL, NULL),
(97, 1048, 'Strawberry Pistachio Cake', NULL, 1, 110.00, NULL, NULL),
(98, 1049, 'Sansrival', NULL, 1, 530.00, NULL, NULL),
(99, 1049, 'Lumpiang Shanghai', NULL, 2, 219.00, NULL, NULL),
(100, 1049, 'Lumpiang Shanghai', NULL, 1, 309.00, NULL, NULL),
(101, 1050, 'Strawberry Pistachio Cake', NULL, 1, 920.00, NULL, NULL),
(102, 1050, 'Chocolate Mousse', NULL, 1, 1000.00, NULL, NULL),
(103, 1051, 'Choco Pistachio Dream', NULL, 1, 1750.00, NULL, NULL),
(104, 1052, 'Strawberry Pistachio Cake', NULL, 1, 920.00, NULL, NULL),
(105, 1053, 'Tiramisu', NULL, 1, 490.00, NULL, NULL),
(106, 1053, 'Red Velvet Cake', NULL, 1, 490.00, NULL, NULL),
(107, 1054, 'Chocolate Ganache Cake', NULL, 1, 450.00, NULL, NULL),
(108, 1054, 'Chocolate Caramel Cake', NULL, 1, 880.00, NULL, NULL),
(109, 1055, 'Tiramisu', NULL, 1, 880.00, NULL, NULL),
(110, 1056, 'Carrot Cake', NULL, 1, 950.00, NULL, NULL),
(111, 1057, 'Tempura', NULL, 1, 199.00, NULL, NULL),
(112, 1058, 'Chocolate Caramel Cake', NULL, 1, 105.00, NULL, NULL),
(113, 1059, 'Chocolate Caramel Cake', NULL, 7, 490.00, NULL, NULL),
(114, 1060, 'Beef Broccoli', NULL, 2, 199.00, NULL, NULL),
(115, 1061, 'Carrot Cake', NULL, 1, 950.00, NULL, NULL),
(116, 1061, 'Sansrival', NULL, 2, 530.00, NULL, NULL),
(117, 1062, 'Blueberry Cheesecake', NULL, 1, 1300.00, NULL, NULL),
(118, 1063, 'Chocolate Caramel Cake', NULL, 3, 105.00, NULL, NULL),
(119, 1064, 'Product', NULL, 1, 110.00, NULL, NULL),
(120, 1064, 'Product', NULL, 1, 110.00, NULL, NULL),
(121, 1065, 'Product', NULL, 1, 110.00, NULL, NULL),
(122, 1065, 'Product', NULL, 1, 110.00, NULL, NULL),
(123, 1066, 'Product', NULL, 1, 100.00, NULL, NULL),
(124, 1066, 'Product', NULL, 1, 100.00, NULL, NULL),
(125, 1066, 'Product', NULL, 1, 100.00, NULL, NULL),
(126, 1067, 'Product', NULL, 2, 920.00, NULL, NULL),
(127, 1068, 'Product', NULL, 1, 880.00, NULL, NULL),
(128, 1069, 'Product', NULL, 2, 100.00, NULL, NULL),
(129, 1070, 'Chocolate Caramel Cake', NULL, 2, 880.00, NULL, NULL),
(130, 1071, 'Pork Barbecue', NULL, 1, 219.00, NULL, NULL),
(131, 1072, 'Beef Broccoli', NULL, 2, 219.00, NULL, NULL),
(132, 1073, 'Chicken Fillet', NULL, 2, 309.00, NULL, NULL),
(133, 1073, 'Chocolate Ganache Cake', NULL, 1, 790.00, NULL, NULL),
(134, 1074, 'Chocolate Oreo Cake', NULL, 1, 100.00, NULL, NULL),
(135, 1074, 'Honey Garlic Chicken', NULL, 1, 199.00, NULL, NULL),
(136, 1075, 'Chocolate Ganache Cake', NULL, 1, 450.00, NULL, NULL),
(137, 1075, 'Chocolate Ganache Cake', NULL, 1, 790.00, NULL, NULL),
(138, 1076, 'Chocolate Ganache Cake', NULL, 1, 790.00, NULL, NULL),
(139, 1076, 'Chocolate Ganache Cake', NULL, 1, 790.00, NULL, NULL),
(140, 1077, 'Tiramisu', NULL, 1, 105.00, NULL, NULL),
(141, 1077, 'Strawberry Pistachio Cake', NULL, 1, 110.00, NULL, NULL),
(142, 1078, 'Tiramisu', NULL, 1, 105.00, NULL, NULL),
(143, 1078, 'Strawberry Pistachio Cake', NULL, 1, 110.00, NULL, NULL),
(144, 1078, 'Chocolate Ganache Cake', NULL, 1, 100.00, NULL, NULL),
(145, 1079, 'Chocolate Ganache Cake', NULL, 1, 100.00, NULL, NULL),
(146, 1079, 'Chocolate S’mores Cake', NULL, 1, 100.00, NULL, NULL),
(147, 1080, 'Chocolate S’mores Cake', NULL, 1, 790.00, NULL, NULL),
(148, 1080, 'Chocolate Caramel Cake', NULL, 1, 490.00, NULL, NULL),
(149, 1081, 'Chocolate S’mores Cake', 'SLICE', 1, 100.00, '', NULL),
(150, 1082, 'Chocolate S’mores Cake', 'SLICE', 1, 100.00, '', NULL),
(151, 1083, 'Chocolate S’mores Cake', 'SLICE', 1, 100.00, '', NULL),
(152, 1084, 'Chocolate S’mores Cake', 'SLICE', 1, 100.00, '', NULL),
(153, 1085, 'Chocolate S’mores Cake', 'SLICE', 4, 100.00, '', NULL),
(154, 1086, 'Strawberry Pistachio Cake', 'BIG', 2, 920.00, '', NULL),
(155, 1087, 'Chocolate S’mores Cake', 'SLICE', 3, 100.00, '', NULL),
(156, 1088, 'Chocolate Caramel Cake', 'SLICE', 1, 105.00, '', NULL),
(157, 1089, 'Chocolate Caramel Cake', 'SLICE', 1, 105.00, '', NULL),
(158, 1090, 'Chocolate Caramel Cake', 'SMALL', 1, 490.00, '', NULL);

-- --------------------------------------------------------

--
-- Table structure for table `password_resets`
--

CREATE TABLE `password_resets` (
  `id` int(11) NOT NULL,
  `email` varchar(255) NOT NULL,
  `token` varchar(6) NOT NULL,
  `expires_at` datetime NOT NULL,
  `used` tinyint(1) DEFAULT 0,
  `created_at` timestamp NOT NULL DEFAULT current_timestamp()
) ENGINE=InnoDB DEFAULT CHARSET=utf8mb4 COLLATE=utf8mb4_general_ci;

--
-- Dumping data for table `password_resets`
--

INSERT INTO `password_resets` (`id`, `email`, `token`, `expires_at`, `used`, `created_at`) VALUES
(1, 'karyl8350@gmail.com', '848703', '2026-05-15 09:09:51', 0, '2026-05-15 06:54:51'),
(2, 'abistadoerryca@gmail.com', '435321', '2026-05-15 09:20:50', 0, '2026-05-15 07:05:50');

-- --------------------------------------------------------

--
-- Table structure for table `products`
--

CREATE TABLE `products` (
  `id` int(11) NOT NULL,
  `name` varchar(150) NOT NULL,
  `category` varchar(80) NOT NULL,
  `price` decimal(10,2) NOT NULL,
  `solo_price` decimal(10,2) DEFAULT NULL,
  `sharing_price` decimal(10,2) DEFAULT NULL,
  `stock` int(11) NOT NULL DEFAULT 0,
  `image` varchar(255) DEFAULT NULL,
  `description` text DEFAULT NULL,
  `available` tinyint(1) NOT NULL DEFAULT 1,
  `created_at` timestamp NOT NULL DEFAULT current_timestamp(),
  `updated_at` timestamp NOT NULL DEFAULT current_timestamp() ON UPDATE current_timestamp(),
  `slice_price` decimal(10,2) DEFAULT 0.00,
  `small_price` decimal(10,2) DEFAULT 0.00,
  `big_price` decimal(10,2) DEFAULT 0.00,
  `meal_price` decimal(10,2) DEFAULT 0.00,
  `combo_price` decimal(10,2) DEFAULT 0.00,
  `tag` varchar(50) DEFAULT NULL,
  `is_custom` tinyint(1) DEFAULT 0,
  `reorder_level` int(11) NOT NULL DEFAULT 5
) ENGINE=InnoDB DEFAULT CHARSET=utf8mb4 COLLATE=utf8mb4_general_ci;

--
-- Dumping data for table `products`
--

INSERT INTO `products` (`id`, `name`, `category`, `price`, `solo_price`, `sharing_price`, `stock`, `image`, `description`, `available`, `created_at`, `updated_at`, `slice_price`, `small_price`, `big_price`, `meal_price`, `combo_price`, `tag`, `is_custom`, `reorder_level`) VALUES
(9, 'Chocolate Ganache Cake', 'Cakes', 0.00, NULL, NULL, 25, 'cake1.png', '', 1, '2026-05-03 11:12:22', '2026-05-15 10:20:09', 100.00, 450.00, 790.00, 0.00, 0.00, NULL, 0, 5),
(10, 'Chocolate S’mores Cake', 'Cakes', 0.00, 0.00, 0.00, 17, 'cake2.png', '', 1, '2026-05-03 11:12:22', '2026-05-14 04:11:49', 100.00, 450.00, 790.00, 0.00, 0.00, NULL, 0, 5),
(11, 'Chocolate Caramel Cake', 'Cakes', 0.00, NULL, NULL, 1, 'cake3.png', '', 1, '2026-05-03 11:12:22', '2026-05-12 10:48:32', 105.00, 490.00, 880.00, 0.00, 0.00, NULL, 0, 5),
(12, 'Chocolate Oreo Cake', 'Cakes', 0.00, NULL, NULL, 10, 'cake4.png', '', 1, '2026-05-03 11:12:22', '2026-05-08 09:24:55', 105.00, 490.00, 880.00, 0.00, 0.00, NULL, 0, 5),
(13, 'Tiramisu', 'Cakes', 0.00, NULL, NULL, 5, 'cake5.png', '', 1, '2026-05-03 11:12:22', '2026-05-12 11:19:43', 105.00, 490.00, 880.00, 0.00, 0.00, NULL, 0, 5),
(14, 'Red Velvet Cake', 'Cakes', 0.00, NULL, NULL, 20, 'cake6.png', '', 1, '2026-05-03 11:12:22', '2026-05-08 09:24:55', 105.00, 490.00, 880.00, 0.00, 0.00, NULL, 0, 5),
(15, 'Ube Flan Cake', 'Cakes', 0.00, NULL, NULL, 10, 'cake7.png', '', 1, '2026-05-03 11:12:22', '2026-05-08 09:24:55', 110.00, 510.00, 920.00, 0.00, 0.00, NULL, 0, 5),
(16, 'Strawberry Pistachio Cake', 'Cakes', 0.00, NULL, NULL, 10, 'cake8.png', '', 1, '2026-05-03 11:12:22', '2026-05-08 09:24:55', 110.00, 510.00, 920.00, 0.00, 0.00, NULL, 0, 5),
(17, 'Carrot Cake', 'Cakes', 0.00, NULL, NULL, 10, 'cake9.png', '', 1, '2026-05-03 11:12:22', '2026-05-08 09:24:55', 110.00, 530.00, 950.00, 0.00, 0.00, NULL, 0, 5),
(18, 'Sansrival', 'Cakes', 0.00, NULL, NULL, 10, 'cake10.png', '', 1, '2026-05-03 11:12:22', '2026-05-08 09:24:55', 110.00, 530.00, 950.00, 0.00, 0.00, NULL, 0, 5),
(19, 'Chocolate Mousse', 'Cakes', 0.00, NULL, NULL, 10, 'cake11.png', '', 1, '2026-05-03 11:12:22', '2026-05-08 09:24:55', 105.00, 530.00, 1000.00, 0.00, 0.00, NULL, 0, 5),
(20, 'Blueberry Cheesecake', 'Cakes', 0.00, NULL, NULL, 0, 'cake12.png', '', 1, '2026-05-03 11:12:22', '2026-05-08 09:24:55', 135.00, 700.00, 1300.00, 0.00, 0.00, NULL, 0, 5),
(21, 'Choco Pistachio Dream', 'Cakes', 0.00, NULL, NULL, 5, 'cake13.png', '', 1, '2026-05-03 11:12:22', '2026-05-08 09:24:55', 175.00, 900.00, 1750.00, 0.00, 0.00, NULL, 0, 5),
(22, 'Chicken Fillet', 'Meals', 199.00, NULL, NULL, 100, 'meal1.png', 'Crispy chicken fillet served with rice', 1, '2026-05-03 13:28:16', '2026-05-08 09:24:55', 199.00, 219.00, 309.00, 219.00, 309.00, NULL, 0, 5),
(23, 'Beef Broccoli', 'Meals', 199.00, NULL, NULL, 100, 'meal2.png', 'Beef with broccoli in savory sauce', 1, '2026-05-03 13:28:16', '2026-05-08 09:24:55', 199.00, 219.00, 309.00, 219.00, 309.00, NULL, 0, 5),
(24, 'Lumpiang Shanghai', 'Meals', 199.00, NULL, NULL, 100, 'meal3.png', 'Fried spring rolls with dipping sauce', 1, '2026-05-03 13:28:16', '2026-05-08 09:24:55', 199.00, 219.00, 309.00, 219.00, 309.00, NULL, 0, 5),
(25, 'Tempura', 'Meals', 199.00, NULL, NULL, 100, 'meal4.png', 'Crispy shrimp tempura', 1, '2026-05-03 13:28:16', '2026-05-08 09:24:55', 199.00, 219.00, 309.00, 219.00, 309.00, NULL, 0, 5),
(26, 'Pork Barbecue', 'Meals', 199.00, NULL, NULL, 100, 'meal5.png', 'Grilled pork barbecue skewers', 1, '2026-05-03 13:28:16', '2026-05-08 09:24:55', 199.00, 219.00, 309.00, 219.00, 309.00, NULL, 0, 5),
(27, 'Fish Fillet', 'Meals', 199.00, NULL, NULL, 100, 'meal6.png', 'Breaded fish fillet with sauce', 1, '2026-05-03 13:28:16', '2026-05-08 09:24:55', 199.00, 219.00, 309.00, 219.00, 309.00, NULL, 0, 5),
(28, 'Honey Garlic Chicken', 'Meals', 199.00, NULL, NULL, 100, 'meal7.png', 'Chicken in honey garlic glaze', 0, '2026-05-03 13:28:16', '2026-05-08 09:47:42', 199.00, 219.00, 309.00, 219.00, 309.00, NULL, 0, 5),
(29, 'Chicken Teriyaki', 'Meals', 199.00, NULL, NULL, 100, 'meal8.png', 'Chicken with teriyaki sauce', 1, '2026-05-03 13:28:16', '2026-05-08 09:24:55', 199.00, 219.00, 309.00, 219.00, 309.00, NULL, 0, 5),
(32, 'Tuna Pasta', 'Pasta', 140.00, NULL, NULL, 79, 'tuna_pasta.png', NULL, 1, '2026-05-08 14:53:57', '2026-05-13 08:41:21', 0.00, 0.00, 0.00, 165.00, 0.00, NULL, 0, 5),
(33, 'Baked Mac', 'Pasta', 140.00, NULL, NULL, 0, 'baked_mac.png', NULL, 1, '2026-05-08 14:53:57', '2026-05-09 04:39:15', 0.00, 0.00, 0.00, 165.00, 0.00, NULL, 0, 5),
(34, 'Beef Spaghetti', 'Pasta', 140.00, NULL, NULL, 0, 'beef_spaghetti.png', NULL, 1, '2026-05-08 14:53:57', '2026-05-09 04:39:15', 0.00, 0.00, 0.00, 165.00, 0.00, NULL, 0, 5),
(35, 'Tinapa Pasta', 'Pasta', 140.00, NULL, NULL, 0, 'tinapa_pasta.png', NULL, 1, '2026-05-08 14:53:57', '2026-05-09 04:39:15', 0.00, 0.00, 0.00, 165.00, 0.00, NULL, 0, 5),
(36, 'Chicken Pasta', 'Pasta', 140.00, NULL, NULL, 0, 'chicken_pasta.png', NULL, 1, '2026-05-08 14:53:57', '2026-05-09 04:39:15', 0.00, 0.00, 0.00, 165.00, 0.00, NULL, 0, 5),
(53, 'Spinach Pizza', 'Pizza', 480.00, NULL, NULL, 0, 'spinach.png', NULL, 1, '2026-05-08 15:27:02', '2026-05-08 15:27:02', 0.00, 0.00, 0.00, 0.00, 0.00, NULL, 0, 5),
(54, 'Pepperoni Pizza', 'Pizza', 430.00, NULL, NULL, 0, 'pepperoni.png', NULL, 1, '2026-05-08 15:27:02', '2026-05-08 15:27:02', 0.00, 0.00, 0.00, 0.00, 0.00, NULL, 0, 5),
(55, 'Four-Cheese Pizza', 'Pizza', 460.00, NULL, NULL, 0, 'four_cheese.png', NULL, 1, '2026-05-08 15:27:02', '2026-05-08 15:27:02', 0.00, 0.00, 0.00, 0.00, 0.00, NULL, 0, 5),
(56, 'Breakfast Pizza', 'Pizza', 460.00, NULL, NULL, 0, 'breakfast.png', NULL, 1, '2026-05-08 15:27:02', '2026-05-08 15:27:02', 0.00, 0.00, 0.00, 0.00, 0.00, NULL, 0, 5),
(57, 'Hawaiian Pizza', 'Pizza', 430.00, NULL, NULL, 0, 'hawaiian.png', NULL, 1, '2026-05-08 15:27:02', '2026-05-08 15:27:02', 0.00, 0.00, 0.00, 0.00, 0.00, NULL, 0, 5),
(58, 'Veggie Pizza', 'Pizza', 420.00, NULL, NULL, 0, 'veggie.png', NULL, 1, '2026-05-08 15:27:02', '2026-05-08 15:27:02', 0.00, 0.00, 0.00, 0.00, 0.00, NULL, 0, 5),
(59, 'Caramel', 'Drinks', 150.00, NULL, NULL, 0, 'caramel.png', NULL, 1, '2026-05-08 15:30:26', '2026-05-08 15:30:26', 0.00, 0.00, 0.00, 0.00, 0.00, NULL, 0, 5),
(60, 'Salted Caramel', 'Drinks', 150.00, NULL, NULL, 0, 'salted.png', NULL, 1, '2026-05-08 15:30:26', '2026-05-08 15:30:26', 0.00, 0.00, 0.00, 0.00, 0.00, NULL, 0, 5),
(61, 'Chocolate', 'Drinks', 150.00, NULL, NULL, 0, 'chocolate.png', NULL, 1, '2026-05-08 15:30:26', '2026-05-08 15:30:26', 0.00, 0.00, 0.00, 0.00, 0.00, NULL, 0, 5),
(62, 'White Chocolate', 'Drinks', 150.00, NULL, NULL, 0, 'white.png', NULL, 1, '2026-05-08 15:30:26', '2026-05-08 15:30:26', 0.00, 0.00, 0.00, 0.00, 0.00, NULL, 0, 5),
(63, 'Oreo', 'Drinks', 145.00, NULL, NULL, 0, 'oreo.png', NULL, 1, '2026-05-08 15:30:26', '2026-05-08 15:30:26', 0.00, 0.00, 0.00, 0.00, 0.00, NULL, 0, 5),
(64, 'Matcha', 'Drinks', 170.00, NULL, NULL, 0, 'matcha.png', NULL, 1, '2026-05-08 15:30:26', '2026-05-08 15:30:26', 0.00, 0.00, 0.00, 0.00, 0.00, NULL, 0, 5),
(65, 'Vanilla', 'Drinks', 155.00, NULL, NULL, 0, 'vanilla.png', NULL, 1, '2026-05-08 15:30:26', '2026-05-08 15:30:26', 0.00, 0.00, 0.00, 0.00, 0.00, NULL, 0, 5),
(66, 'Chocolate Chip Cream', 'Drinks', 170.00, NULL, NULL, 0, 'chocolate.png', NULL, 1, '2026-05-08 15:30:26', '2026-05-08 15:30:26', 0.00, 0.00, 0.00, 0.00, 0.00, NULL, 0, 5),
(67, 'Strawberry Yogurt Smoothie', 'Drinks', 165.00, NULL, NULL, 0, 'strawberry.png', NULL, 1, '2026-05-08 15:30:26', '2026-05-08 15:30:26', 0.00, 0.00, 0.00, 0.00, 0.00, NULL, 0, 5),
(68, 'Mango Yogurt Smoothie', 'Drinks', 165.00, NULL, NULL, 0, 'mango.png', NULL, 1, '2026-05-08 15:30:26', '2026-05-08 15:30:26', 0.00, 0.00, 0.00, 0.00, 0.00, NULL, 0, 5),
(69, 'Blueberry Yogurt Smoothie', 'Drinks', 165.00, NULL, NULL, 0, 'blueberry.png', NULL, 1, '2026-05-08 15:30:26', '2026-05-08 15:30:26', 0.00, 0.00, 0.00, 0.00, 0.00, NULL, 0, 5),
(70, 'Raspberry Yogurt Smoothie', 'Drinks', 165.00, NULL, NULL, 0, 'raspberry.png', NULL, 1, '2026-05-08 15:30:26', '2026-05-08 15:30:26', 0.00, 0.00, 0.00, 0.00, 0.00, NULL, 0, 5),
(71, 'Plain Yogurt Smoothie', 'Drinks', 145.00, NULL, NULL, 0, 'plain.png', NULL, 1, '2026-05-08 15:30:26', '2026-05-08 15:30:26', 0.00, 0.00, 0.00, 0.00, 0.00, NULL, 0, 5),
(72, 'Blueberry Ade', 'Drinks', 125.00, NULL, NULL, 0, 'blueberry.png', NULL, 1, '2026-05-08 15:31:35', '2026-05-08 15:31:35', 0.00, 0.00, 0.00, 0.00, 0.00, NULL, 0, 5),
(73, 'Strawberry Ade', 'Drinks', 125.00, NULL, NULL, 0, 'strawberry.png', NULL, 1, '2026-05-08 15:31:35', '2026-05-08 15:31:35', 0.00, 0.00, 0.00, 0.00, 0.00, NULL, 0, 5),
(74, 'Mango Ade', 'Drinks', 125.00, NULL, NULL, 0, 'mango.png', NULL, 1, '2026-05-08 15:31:35', '2026-05-08 15:31:35', 0.00, 0.00, 0.00, 0.00, 0.00, NULL, 0, 5),
(75, 'Raspberry Ade', 'Drinks', 125.00, NULL, NULL, 0, 'raspberry.png', NULL, 1, '2026-05-08 15:31:35', '2026-05-08 15:31:35', 0.00, 0.00, 0.00, 0.00, 0.00, NULL, 0, 5),
(76, 'Passion Fruit Fizz', 'Drinks', 135.00, NULL, NULL, 0, 'passion.png', NULL, 1, '2026-05-08 15:31:35', '2026-05-08 15:31:35', 0.00, 0.00, 0.00, 0.00, 0.00, NULL, 0, 5),
(77, 'Blueberry Fizz', 'Drinks', 135.00, NULL, NULL, 0, 'blueberry.png', NULL, 1, '2026-05-08 15:31:35', '2026-05-08 15:31:35', 0.00, 0.00, 0.00, 0.00, 0.00, NULL, 0, 5),
(78, 'Mango Fizz', 'Drinks', 135.00, NULL, NULL, 0, 'mango.png', NULL, 1, '2026-05-08 15:31:35', '2026-05-08 15:31:35', 0.00, 0.00, 0.00, 0.00, 0.00, NULL, 0, 5),
(79, 'Strawberry Fizz', 'Drinks', 135.00, NULL, NULL, 0, 'strawberry.png', NULL, 1, '2026-05-08 15:31:35', '2026-05-08 15:31:35', 0.00, 0.00, 0.00, 0.00, 0.00, NULL, 0, 5),
(80, 'Kiwi Fizz', 'Drinks', 135.00, NULL, NULL, 0, 'kiwi.png', NULL, 1, '2026-05-08 15:31:35', '2026-05-08 15:31:35', 0.00, 0.00, 0.00, 0.00, 0.00, NULL, 0, 5),
(81, 'Passion Fruit Tea', 'Drinks', 130.00, NULL, NULL, 0, 'passion.png', NULL, 1, '2026-05-08 15:31:35', '2026-05-08 15:31:35', 0.00, 0.00, 0.00, 0.00, 0.00, NULL, 0, 5),
(82, 'Blueberry Fruit Tea', 'Drinks', 130.00, NULL, NULL, 0, 'blueberry.png', NULL, 1, '2026-05-08 15:31:35', '2026-05-08 15:31:35', 0.00, 0.00, 0.00, 0.00, 0.00, NULL, 0, 5),
(83, 'Mango Fruit Tea', 'Drinks', 130.00, NULL, NULL, 0, 'mango.png', NULL, 1, '2026-05-08 15:31:35', '2026-05-08 15:31:35', 0.00, 0.00, 0.00, 0.00, 0.00, NULL, 0, 5),
(84, 'Strawberry Fruit Tea', 'Drinks', 130.00, NULL, NULL, 0, 'strawberry.png', NULL, 1, '2026-05-08 15:31:35', '2026-05-08 15:31:35', 0.00, 0.00, 0.00, 0.00, 0.00, NULL, 0, 5),
(85, 'Kiwi Fruit Tea', 'Drinks', 130.00, NULL, NULL, 0, 'kiwi.png', NULL, 1, '2026-05-08 15:31:35', '2026-05-08 15:31:35', 0.00, 0.00, 0.00, 0.00, 0.00, NULL, 0, 5),
(86, 'Americano', 'Coffee', 125.00, NULL, NULL, 0, 'americano.png', NULL, 1, '2026-05-08 15:32:29', '2026-05-08 15:32:29', 0.00, 0.00, 0.00, 0.00, 0.00, NULL, 0, 5),
(87, 'Cappuccino', 'Coffee', 135.00, NULL, NULL, 0, 'cappuccino.png', NULL, 1, '2026-05-08 15:32:29', '2026-05-08 15:32:29', 0.00, 0.00, 0.00, 0.00, 0.00, NULL, 0, 5),
(88, 'Latte', 'Coffee', 135.00, NULL, NULL, 0, 'latte.png', NULL, 1, '2026-05-08 15:32:29', '2026-05-08 15:32:29', 0.00, 0.00, 0.00, 0.00, 0.00, NULL, 0, 5),
(89, 'White Chocolate', 'Coffee', 145.00, NULL, NULL, 0, 'white.png', NULL, 1, '2026-05-08 15:32:29', '2026-05-08 15:32:29', 0.00, 0.00, 0.00, 0.00, 0.00, NULL, 0, 5),
(90, 'Caramel', 'Coffee', 145.00, NULL, NULL, 0, 'caramel.png', NULL, 1, '2026-05-08 15:32:29', '2026-05-08 15:32:29', 0.00, 0.00, 0.00, 0.00, 0.00, NULL, 0, 5),
(91, 'Salted Caramel', 'Coffee', 145.00, NULL, NULL, 0, 'salted.png', NULL, 1, '2026-05-08 15:32:29', '2026-05-08 15:32:29', 0.00, 0.00, 0.00, 0.00, 0.00, NULL, 0, 5),
(92, 'Mocha', 'Coffee', 145.00, NULL, NULL, 0, 'mocha.png', NULL, 1, '2026-05-08 15:32:29', '2026-05-08 15:32:29', 0.00, 0.00, 0.00, 0.00, 0.00, NULL, 0, 5),
(93, 'Hazelnut', 'Coffee', 150.00, NULL, NULL, 0, 'hazelnut.png', NULL, 1, '2026-05-08 15:32:29', '2026-05-08 15:32:29', 0.00, 0.00, 0.00, 0.00, 0.00, NULL, 0, 5),
(94, 'Vanilla', 'Coffee', 150.00, NULL, NULL, 0, 'vanilla.png', NULL, 1, '2026-05-08 15:32:29', '2026-05-08 15:32:29', 0.00, 0.00, 0.00, 0.00, 0.00, NULL, 0, 5),
(95, 'Pastry Project Latte', 'Coffee', 155.00, NULL, NULL, 0, 'pastry.png', NULL, 1, '2026-05-08 15:32:29', '2026-05-08 15:32:29', 0.00, 0.00, 0.00, 0.00, 0.00, NULL, 0, 5),
(96, 'Dirty Matcha', 'Coffee', 165.00, NULL, NULL, 0, 'dirty.png', NULL, 1, '2026-05-08 15:32:29', '2026-05-08 15:32:29', 0.00, 0.00, 0.00, 0.00, 0.00, NULL, 0, 5),
(97, 'Matcha Latte', 'Coffee', 160.00, NULL, NULL, 0, 'matcha.png', NULL, 1, '2026-05-08 15:32:29', '2026-05-08 15:32:29', 0.00, 0.00, 0.00, 0.00, 0.00, NULL, 0, 5),
(98, 'Spanish Latte', 'Coffee', 155.00, NULL, NULL, 0, 'spanish.png', NULL, 1, '2026-05-08 15:32:29', '2026-05-08 15:32:29', 0.00, 0.00, 0.00, 0.00, 0.00, NULL, 0, 5),
(99, 'Matcha Cream Latte', 'Coffee', 155.00, NULL, NULL, 0, 'matcha.png', NULL, 1, '2026-05-08 15:32:29', '2026-05-08 15:32:29', 0.00, 0.00, 0.00, 0.00, 0.00, NULL, 0, 5),
(100, 'Ube Cream Latte', 'Coffee', 155.00, NULL, NULL, 0, 'ube.png', NULL, 1, '2026-05-08 15:32:29', '2026-05-08 15:32:29', 0.00, 0.00, 0.00, 0.00, 0.00, NULL, 0, 5),
(101, 'Vietnamese Latte', 'Coffee', 155.00, NULL, NULL, 0, 'vietnamese.png', NULL, 1, '2026-05-08 15:32:29', '2026-05-08 15:32:29', 0.00, 0.00, 0.00, 0.00, 0.00, NULL, 0, 5),
(102, 'Tiramisu Latte', 'Coffee', 199.00, NULL, NULL, 0, 'tiramisu.png', NULL, 1, '2026-05-08 15:32:29', '2026-05-08 15:32:29', 0.00, 0.00, 0.00, 0.00, 0.00, NULL, 0, 5),
(103, 'Affogato', 'Coffee', 120.00, NULL, NULL, 0, 'affogato.png', NULL, 1, '2026-05-08 15:32:29', '2026-05-08 15:32:29', 0.00, 0.00, 0.00, 0.00, 0.00, NULL, 0, 5),
(104, 'Matchagato', 'Coffee', 150.00, NULL, NULL, 0, 'matchagato.png', NULL, 1, '2026-05-08 15:32:29', '2026-05-08 15:32:29', 0.00, 0.00, 0.00, 0.00, 0.00, NULL, 0, 5),
(112, 'French Fries', 'Starter', 0.00, 75.00, 140.00, 0, 'french.jpg', NULL, 1, '2026-05-08 15:47:33', '2026-05-08 15:47:33', 0.00, 0.00, 0.00, 0.00, 0.00, NULL, 0, 5),
(113, 'Cheesy Bacon Fries', 'Starter', 0.00, 120.00, 230.00, 60, 'cheesy.jpg', NULL, 1, '2026-05-08 15:47:33', '2026-05-13 08:40:53', 0.00, 0.00, 0.00, 0.00, 0.00, NULL, 0, 5),
(114, 'Potato Wedges', 'Starter', 0.00, 75.00, 140.00, 0, 'potato.jpg', NULL, 1, '2026-05-08 15:47:33', '2026-05-08 15:47:33', 0.00, 0.00, 0.00, 0.00, 0.00, NULL, 0, 5),
(115, 'Mozzarella Sticks', 'Starter', 0.00, 140.00, 200.00, 0, 'mozarella.jpg', NULL, 1, '2026-05-08 15:47:33', '2026-05-08 15:47:33', 0.00, 0.00, 0.00, 0.00, 0.00, NULL, 0, 5),
(116, 'Mojos', 'Starter', 0.00, 75.00, 140.00, 0, 'mojos.jpg', NULL, 1, '2026-05-08 15:47:33', '2026-05-08 15:47:33', 0.00, 0.00, 0.00, 0.00, 0.00, NULL, 0, 5),
(117, 'Mojos Hot', 'Starter', 0.00, 75.00, 140.00, 0, 'mojos_hot.jpg', NULL, 1, '2026-05-08 15:47:33', '2026-05-08 15:47:33', 0.00, 0.00, 0.00, 0.00, 0.00, NULL, 0, 5),
(118, 'Chicken Nuggets', 'Starter', 0.00, 120.00, 230.00, 0, 'chicken.png', NULL, 1, '2026-05-08 15:47:33', '2026-05-08 15:54:03', 0.00, 0.00, 0.00, 0.00, 0.00, NULL, 0, 5);

-- --------------------------------------------------------

--
-- Table structure for table `product_recipes`
--

CREATE TABLE `product_recipes` (
  `id` int(11) NOT NULL,
  `product_id` int(11) NOT NULL,
  `ingredient_id` int(11) NOT NULL,
  `qty` decimal(10,3) NOT NULL DEFAULT 0.000,
  `created_at` timestamp NOT NULL DEFAULT current_timestamp(),
  `updated_at` timestamp NOT NULL DEFAULT current_timestamp() ON UPDATE current_timestamp()
) ENGINE=InnoDB DEFAULT CHARSET=utf8mb4 COLLATE=utf8mb4_general_ci;

-- --------------------------------------------------------

--
-- Table structure for table `product_sizes`
--

CREATE TABLE `product_sizes` (
  `id` int(11) NOT NULL,
  `product_id` int(11) NOT NULL,
  `size` enum('slice','small','big') NOT NULL,
  `price` decimal(10,2) NOT NULL,
  `available` tinyint(1) DEFAULT 1
) ENGINE=InnoDB DEFAULT CHARSET=utf8mb4 COLLATE=utf8mb4_general_ci;

--
-- Dumping data for table `product_sizes`
--

INSERT INTO `product_sizes` (`id`, `product_id`, `size`, `price`, `available`) VALUES
(40, 9, 'slice', 100.00, 1),
(41, 9, 'small', 450.00, 1),
(42, 9, 'big', 790.00, 1),
(43, 10, 'slice', 100.00, 1),
(44, 10, 'small', 450.00, 1),
(45, 10, 'big', 790.00, 1),
(46, 11, 'slice', 105.00, 1),
(47, 11, 'small', 490.00, 1),
(48, 11, 'big', 880.00, 1),
(49, 12, 'slice', 105.00, 1),
(50, 12, 'small', 490.00, 1),
(51, 12, 'big', 880.00, 1),
(52, 13, 'slice', 105.00, 1),
(53, 13, 'small', 490.00, 1),
(54, 13, 'big', 880.00, 1),
(55, 14, 'slice', 105.00, 1),
(56, 14, 'small', 490.00, 1),
(57, 14, 'big', 880.00, 1),
(58, 15, 'slice', 110.00, 1),
(59, 15, 'small', 510.00, 1),
(60, 15, 'big', 920.00, 1),
(61, 16, 'slice', 110.00, 1),
(62, 16, 'small', 510.00, 1),
(63, 16, 'big', 920.00, 1),
(64, 17, 'slice', 110.00, 1),
(65, 17, 'small', 530.00, 1),
(66, 17, 'big', 950.00, 1),
(67, 18, 'slice', 110.00, 1),
(68, 18, 'small', 530.00, 1),
(69, 18, 'big', 950.00, 1),
(70, 19, 'slice', 105.00, 1),
(71, 19, 'small', 530.00, 1),
(72, 19, 'big', 1000.00, 1),
(73, 20, 'slice', 135.00, 1),
(74, 20, 'small', 700.00, 1),
(75, 20, 'big', 1300.00, 1),
(76, 21, 'slice', 175.00, 1),
(77, 21, 'small', 900.00, 1),
(78, 21, 'big', 1750.00, 1),
(79, 9, 'slice', 100.00, 1),
(80, 9, 'small', 450.00, 1),
(81, 9, 'big', 790.00, 1),
(82, 10, 'slice', 100.00, 1),
(83, 10, 'small', 450.00, 1),
(84, 10, 'big', 790.00, 1),
(85, 11, 'slice', 105.00, 1),
(86, 11, 'small', 490.00, 1),
(87, 11, 'big', 880.00, 1),
(88, 12, 'slice', 105.00, 1),
(89, 12, 'small', 490.00, 1),
(90, 12, 'big', 880.00, 1),
(91, 13, 'slice', 105.00, 1),
(92, 13, 'small', 490.00, 1),
(93, 13, 'big', 880.00, 1),
(94, 14, 'slice', 105.00, 1),
(95, 14, 'small', 490.00, 1),
(96, 14, 'big', 880.00, 1),
(97, 15, 'slice', 110.00, 1),
(98, 15, 'small', 510.00, 1),
(99, 15, 'big', 920.00, 1),
(100, 16, 'slice', 110.00, 1),
(101, 16, 'small', 510.00, 1),
(102, 16, 'big', 920.00, 1),
(103, 17, 'slice', 110.00, 1),
(104, 17, 'small', 530.00, 1),
(105, 17, 'big', 950.00, 1),
(106, 18, 'slice', 110.00, 1),
(107, 18, 'small', 530.00, 1),
(108, 18, 'big', 950.00, 1),
(109, 19, 'slice', 105.00, 1),
(110, 19, 'small', 530.00, 1),
(111, 19, 'big', 1000.00, 1),
(112, 20, 'slice', 135.00, 1),
(113, 20, 'small', 700.00, 1),
(114, 20, 'big', 1300.00, 1),
(115, 21, 'slice', 175.00, 1),
(116, 21, 'small', 900.00, 1),
(117, 21, 'big', 1750.00, 1);

-- --------------------------------------------------------

--
-- Table structure for table `reviews`
--

CREATE TABLE `reviews` (
  `id` int(11) NOT NULL,
  `product_id` int(11) NOT NULL,
  `customer_id` int(11) NOT NULL,
  `order_id` int(11) DEFAULT NULL,
  `rating` int(11) NOT NULL CHECK (`rating` >= 1 and `rating` <= 5),
  `review` text DEFAULT NULL,
  `created_at` timestamp NOT NULL DEFAULT current_timestamp()
) ENGINE=InnoDB DEFAULT CHARSET=utf8mb4 COLLATE=utf8mb4_general_ci;

-- --------------------------------------------------------

--
-- Table structure for table `users`
--

CREATE TABLE `users` (
  `id` int(11) NOT NULL,
  `name` varchar(100) NOT NULL,
  `email` varchar(150) NOT NULL,
  `password` varchar(255) NOT NULL,
  `role` enum('admin','staff','customer') NOT NULL DEFAULT 'customer',
  `created_at` timestamp NOT NULL DEFAULT current_timestamp(),
  `phone` varchar(20) DEFAULT NULL,
  `address` text DEFAULT NULL
) ENGINE=InnoDB DEFAULT CHARSET=utf8mb4 COLLATE=utf8mb4_general_ci;

--
-- Dumping data for table `users`
--

INSERT INTO `users` (`id`, `name`, `email`, `password`, `role`, `created_at`, `phone`, `address`) VALUES
(1, 'Shop Owner', 'admin@pastry.com', '$2y$10$92IXUNpkjO0rOQ5byMi.Ye4oKoEa3Ro9llC/.og/at2.uheWG/igi', 'admin', '2026-05-03 10:53:37', NULL, NULL),
(2, 'Staff Member', 'staff@pastry.com', '$2y$10$92IXUNpkjO0rOQ5byMi.Ye4oKoEa3Ro9llC/.og/at2.uheWG/igi', 'staff', '2026-05-03 10:53:37', NULL, NULL),
(3, 'Customer', 'customer@pastry.com', '$2y$10$92IXUNpkjO0rOQ5byMi.Ye4oKoEa3Ro9llC/.og/at2.uheWG/igi', 'customer', '2026-05-03 10:53:37', NULL, NULL),
(4, 'erryca bianca', 'erryca27@gmail.com', '$2y$10$xI/8KdEbqUjIzCjdmp/e6uXzM5KG7RPz0xWj8/dbWTJtQgcCo7GFu', 'customer', '2026-05-05 05:42:38', NULL, NULL),
(5, 'Admin', 'abistadoerryca@gmail.com', '123456', 'admin', '2026-05-09 17:04:27', NULL, NULL),
(6, 'Karyl Hernandez', 'karyl8350@gmail.com', 'hernandez06', 'customer', '2026-05-12 15:02:27', NULL, NULL),
(7, 'Karyl Hernandez', 'hernandezkaryl78@gmailcom', 'hernandez06', 'customer', '2026-05-15 07:12:51', NULL, NULL),
(8, 'Karyl Hernandez', 'hernandezkaryl78@gmail.com', 'hernandez06', 'customer', '2026-05-15 07:18:52', NULL, NULL),
(9, 'Erryca Abistado', 'chitaegandalalake@gmail.com', 'haldohhhh', 'customer', '2026-05-15 07:20:48', NULL, NULL),
(10, 'Sonlei Peladra', 'peladrasonlei@gmail.com', 'lelei2506', 'customer', '2026-05-15 07:22:35', NULL, NULL),
(11, 'Mika Silva', 'chitae@gmail.com', 'ewan', 'customer', '2026-05-15 07:49:08', NULL, NULL),
(12, 'Erryca Abistado', 'abistadoerryca2@gmail.com', '$2y$10$sZ1K2V2twcj2XuONXqBVeOjPFizDiABvo8S9W/4kE.oryxo7ODBhS', 'customer', '2026-05-15 07:53:02', NULL, NULL);

-- --------------------------------------------------------

--
-- Table structure for table `variance`
--

CREATE TABLE `variance` (
  `id` int(11) NOT NULL,
  `ingredient_id` int(11) DEFAULT NULL,
  `product_id` int(11) DEFAULT NULL,
  `variance_type` enum('Waste','Spoilage','Damage','Unaccounted') NOT NULL,
  `qty_lost` decimal(10,3) NOT NULL,
  `reason` text DEFAULT NULL,
  `notes` text DEFAULT NULL,
  `recorded_by` int(11) NOT NULL,
  `recorded_date` date NOT NULL,
  `created_at` timestamp NOT NULL DEFAULT current_timestamp()
) ENGINE=InnoDB DEFAULT CHARSET=utf8mb4 COLLATE=utf8mb4_general_ci;

--
-- Indexes for dumped tables
--

--
-- Indexes for table `custom_cake_orders`
--
ALTER TABLE `custom_cake_orders`
  ADD PRIMARY KEY (`id`),
  ADD KEY `order_id` (`order_id`);

--
-- Indexes for table `daily_sales`
--
ALTER TABLE `daily_sales`
  ADD PRIMARY KEY (`sale_date`);

--
-- Indexes for table `ingredients`
--
ALTER TABLE `ingredients`
  ADD PRIMARY KEY (`id`);

--
-- Indexes for table `messages`
--
ALTER TABLE `messages`
  ADD PRIMARY KEY (`id`),
  ADD KEY `order_id` (`order_id`);

--
-- Indexes for table `notifications`
--
ALTER TABLE `notifications`
  ADD PRIMARY KEY (`id`),
  ADD KEY `idx_user_unread` (`user_id`,`is_read`);

--
-- Indexes for table `orders`
--
ALTER TABLE `orders`
  ADD PRIMARY KEY (`id`);

--
-- Indexes for table `order_items`
--
ALTER TABLE `order_items`
  ADD PRIMARY KEY (`id`),
  ADD KEY `idx_order` (`order_id`);

--
-- Indexes for table `password_resets`
--
ALTER TABLE `password_resets`
  ADD PRIMARY KEY (`id`);

--
-- Indexes for table `products`
--
ALTER TABLE `products`
  ADD PRIMARY KEY (`id`),
  ADD KEY `idx_category` (`category`),
  ADD KEY `idx_available` (`available`);

--
-- Indexes for table `product_recipes`
--
ALTER TABLE `product_recipes`
  ADD PRIMARY KEY (`id`),
  ADD UNIQUE KEY `uq_product_ingredient` (`product_id`,`ingredient_id`),
  ADD KEY `ingredient_id` (`ingredient_id`);

--
-- Indexes for table `product_sizes`
--
ALTER TABLE `product_sizes`
  ADD PRIMARY KEY (`id`),
  ADD KEY `product_id` (`product_id`);

--
-- Indexes for table `reviews`
--
ALTER TABLE `reviews`
  ADD PRIMARY KEY (`id`),
  ADD KEY `product_id` (`product_id`),
  ADD KEY `customer_id` (`customer_id`);

--
-- Indexes for table `users`
--
ALTER TABLE `users`
  ADD PRIMARY KEY (`id`),
  ADD UNIQUE KEY `email` (`email`),
  ADD KEY `idx_email` (`email`);

--
-- Indexes for table `variance`
--
ALTER TABLE `variance`
  ADD PRIMARY KEY (`id`),
  ADD KEY `ingredient_id` (`ingredient_id`),
  ADD KEY `product_id` (`product_id`),
  ADD KEY `recorded_by` (`recorded_by`),
  ADD KEY `idx_date` (`recorded_date`),
  ADD KEY `idx_type` (`variance_type`);

--
-- AUTO_INCREMENT for dumped tables
--

--
-- AUTO_INCREMENT for table `custom_cake_orders`
--
ALTER TABLE `custom_cake_orders`
  MODIFY `id` int(11) NOT NULL AUTO_INCREMENT;

--
-- AUTO_INCREMENT for table `ingredients`
--
ALTER TABLE `ingredients`
  MODIFY `id` int(11) NOT NULL AUTO_INCREMENT, AUTO_INCREMENT=9;

--
-- AUTO_INCREMENT for table `messages`
--
ALTER TABLE `messages`
  MODIFY `id` int(11) NOT NULL AUTO_INCREMENT, AUTO_INCREMENT=5;

--
-- AUTO_INCREMENT for table `notifications`
--
ALTER TABLE `notifications`
  MODIFY `id` int(11) NOT NULL AUTO_INCREMENT, AUTO_INCREMENT=11;

--
-- AUTO_INCREMENT for table `orders`
--
ALTER TABLE `orders`
  MODIFY `id` int(11) NOT NULL AUTO_INCREMENT, AUTO_INCREMENT=73;

--
-- AUTO_INCREMENT for table `order_items`
--
ALTER TABLE `order_items`
  MODIFY `id` int(11) NOT NULL AUTO_INCREMENT, AUTO_INCREMENT=159;

--
-- AUTO_INCREMENT for table `password_resets`
--
ALTER TABLE `password_resets`
  MODIFY `id` int(11) NOT NULL AUTO_INCREMENT, AUTO_INCREMENT=3;

--
-- AUTO_INCREMENT for table `products`
--
ALTER TABLE `products`
  MODIFY `id` int(11) NOT NULL AUTO_INCREMENT, AUTO_INCREMENT=119;

--
-- AUTO_INCREMENT for table `product_recipes`
--
ALTER TABLE `product_recipes`
  MODIFY `id` int(11) NOT NULL AUTO_INCREMENT;

--
-- AUTO_INCREMENT for table `product_sizes`
--
ALTER TABLE `product_sizes`
  MODIFY `id` int(11) NOT NULL AUTO_INCREMENT, AUTO_INCREMENT=118;

--
-- AUTO_INCREMENT for table `reviews`
--
ALTER TABLE `reviews`
  MODIFY `id` int(11) NOT NULL AUTO_INCREMENT;

--
-- AUTO_INCREMENT for table `users`
--
ALTER TABLE `users`
  MODIFY `id` int(11) NOT NULL AUTO_INCREMENT, AUTO_INCREMENT=13;

--
-- AUTO_INCREMENT for table `variance`
--
ALTER TABLE `variance`
  MODIFY `id` int(11) NOT NULL AUTO_INCREMENT;

--
-- Constraints for dumped tables
--

--
-- Constraints for table `messages`
--
ALTER TABLE `messages`
  ADD CONSTRAINT `messages_ibfk_1` FOREIGN KEY (`order_id`) REFERENCES `orders` (`id`) ON DELETE CASCADE;

--
-- Constraints for table `notifications`
--
ALTER TABLE `notifications`
  ADD CONSTRAINT `notifications_ibfk_1` FOREIGN KEY (`user_id`) REFERENCES `users` (`id`) ON DELETE CASCADE;

--
-- Constraints for table `product_recipes`
--
ALTER TABLE `product_recipes`
  ADD CONSTRAINT `product_recipes_ibfk_1` FOREIGN KEY (`product_id`) REFERENCES `products` (`id`) ON DELETE CASCADE,
  ADD CONSTRAINT `product_recipes_ibfk_2` FOREIGN KEY (`ingredient_id`) REFERENCES `ingredients` (`id`) ON DELETE CASCADE;

--
-- Constraints for table `product_sizes`
--
ALTER TABLE `product_sizes`
  ADD CONSTRAINT `product_sizes_ibfk_1` FOREIGN KEY (`product_id`) REFERENCES `products` (`id`) ON DELETE CASCADE;

--
-- Constraints for table `reviews`
--
ALTER TABLE `reviews`
  ADD CONSTRAINT `reviews_ibfk_1` FOREIGN KEY (`product_id`) REFERENCES `products` (`id`) ON DELETE CASCADE,
  ADD CONSTRAINT `reviews_ibfk_2` FOREIGN KEY (`customer_id`) REFERENCES `users` (`id`) ON DELETE CASCADE;

--
-- Constraints for table `variance`
--
ALTER TABLE `variance`
  ADD CONSTRAINT `variance_ibfk_1` FOREIGN KEY (`ingredient_id`) REFERENCES `ingredients` (`id`) ON DELETE CASCADE,
  ADD CONSTRAINT `variance_ibfk_2` FOREIGN KEY (`product_id`) REFERENCES `products` (`id`) ON DELETE CASCADE,
  ADD CONSTRAINT `variance_ibfk_3` FOREIGN KEY (`recorded_by`) REFERENCES `users` (`id`);
COMMIT;

/*!40101 SET CHARACTER_SET_CLIENT=@OLD_CHARACTER_SET_CLIENT */;
/*!40101 SET CHARACTER_SET_RESULTS=@OLD_CHARACTER_SET_RESULTS */;
/*!40101 SET COLLATION_CONNECTION=@OLD_COLLATION_CONNECTION */;
